--
-- PostgreSQL database dump
--

-- Dumped from database version 16.3 (Ubuntu 16.3-1.pgdg22.04+1)
-- Dumped by pg_dump version 16.3 (Ubuntu 16.3-1.pgdg22.04+1)

SET statement_timeout = 0;
SET lock_timeout = 0;
SET idle_in_transaction_session_timeout = 0;
SET client_encoding = 'UTF8';
SET standard_conforming_strings = on;
SELECT pg_catalog.set_config('search_path', '', false);
SET check_function_bodies = false;
SET xmloption = content;
SET client_min_messages = warning;
SET row_security = off;

SET default_tablespace = '';

SET default_table_access_method = heap;

--
-- Name: authUser_user; Type: TABLE; Schema: public; Owner: postgres
--

CREATE TABLE public."authUser_user" (
    id bigint NOT NULL,
    phone_number character varying(11) NOT NULL,
    is_active boolean NOT NULL,
    is_superuser boolean NOT NULL,
    privileges character varying(100) NOT NULL,
    password character varying(100) NOT NULL,
    last_login timestamp with time zone,
    is_staff boolean NOT NULL,
    name_id bigint
);


ALTER TABLE public."authUser_user" OWNER TO postgres;

--
-- Name: authUser_user_groups; Type: TABLE; Schema: public; Owner: postgres
--

CREATE TABLE public."authUser_user_groups" (
    id bigint NOT NULL,
    user_id bigint NOT NULL,
    group_id integer NOT NULL
);


ALTER TABLE public."authUser_user_groups" OWNER TO postgres;

--
-- Name: authUser_user_groups_id_seq; Type: SEQUENCE; Schema: public; Owner: postgres
--

ALTER TABLE public."authUser_user_groups" ALTER COLUMN id ADD GENERATED BY DEFAULT AS IDENTITY (
    SEQUENCE NAME public."authUser_user_groups_id_seq"
    START WITH 1
    INCREMENT BY 1
    NO MINVALUE
    NO MAXVALUE
    CACHE 1
);


--
-- Name: authUser_user_id_seq; Type: SEQUENCE; Schema: public; Owner: postgres
--

ALTER TABLE public."authUser_user" ALTER COLUMN id ADD GENERATED BY DEFAULT AS IDENTITY (
    SEQUENCE NAME public."authUser_user_id_seq"
    START WITH 1
    INCREMENT BY 1
    NO MINVALUE
    NO MAXVALUE
    CACHE 1
);


--
-- Name: authUser_user_user_permissions; Type: TABLE; Schema: public; Owner: postgres
--

CREATE TABLE public."authUser_user_user_permissions" (
    id bigint NOT NULL,
    user_id bigint NOT NULL,
    permission_id integer NOT NULL
);


ALTER TABLE public."authUser_user_user_permissions" OWNER TO postgres;

--
-- Name: authUser_user_user_permissions_id_seq; Type: SEQUENCE; Schema: public; Owner: postgres
--

ALTER TABLE public."authUser_user_user_permissions" ALTER COLUMN id ADD GENERATED BY DEFAULT AS IDENTITY (
    SEQUENCE NAME public."authUser_user_user_permissions_id_seq"
    START WITH 1
    INCREMENT BY 1
    NO MINVALUE
    NO MAXVALUE
    CACHE 1
);


--
-- Name: auth_group; Type: TABLE; Schema: public; Owner: postgres
--

CREATE TABLE public.auth_group (
    id integer NOT NULL,
    name character varying(150) NOT NULL
);


ALTER TABLE public.auth_group OWNER TO postgres;

--
-- Name: auth_group_id_seq; Type: SEQUENCE; Schema: public; Owner: postgres
--

ALTER TABLE public.auth_group ALTER COLUMN id ADD GENERATED BY DEFAULT AS IDENTITY (
    SEQUENCE NAME public.auth_group_id_seq
    START WITH 1
    INCREMENT BY 1
    NO MINVALUE
    NO MAXVALUE
    CACHE 1
);


--
-- Name: auth_group_permissions; Type: TABLE; Schema: public; Owner: postgres
--

CREATE TABLE public.auth_group_permissions (
    id bigint NOT NULL,
    group_id integer NOT NULL,
    permission_id integer NOT NULL
);


ALTER TABLE public.auth_group_permissions OWNER TO postgres;

--
-- Name: auth_group_permissions_id_seq; Type: SEQUENCE; Schema: public; Owner: postgres
--

ALTER TABLE public.auth_group_permissions ALTER COLUMN id ADD GENERATED BY DEFAULT AS IDENTITY (
    SEQUENCE NAME public.auth_group_permissions_id_seq
    START WITH 1
    INCREMENT BY 1
    NO MINVALUE
    NO MAXVALUE
    CACHE 1
);


--
-- Name: auth_permission; Type: TABLE; Schema: public; Owner: postgres
--

CREATE TABLE public.auth_permission (
    id integer NOT NULL,
    name character varying(255) NOT NULL,
    content_type_id integer NOT NULL,
    codename character varying(100) NOT NULL
);


ALTER TABLE public.auth_permission OWNER TO postgres;

--
-- Name: auth_permission_id_seq; Type: SEQUENCE; Schema: public; Owner: postgres
--

ALTER TABLE public.auth_permission ALTER COLUMN id ADD GENERATED BY DEFAULT AS IDENTITY (
    SEQUENCE NAME public.auth_permission_id_seq
    START WITH 1
    INCREMENT BY 1
    NO MINVALUE
    NO MAXVALUE
    CACHE 1
);


--
-- Name: auth_user; Type: TABLE; Schema: public; Owner: postgres
--

CREATE TABLE public.auth_user (
    id integer NOT NULL,
    password character varying(128) NOT NULL,
    last_login timestamp with time zone,
    is_superuser boolean NOT NULL,
    username character varying(150) NOT NULL,
    first_name character varying(150) NOT NULL,
    last_name character varying(150) NOT NULL,
    email character varying(254) NOT NULL,
    is_staff boolean NOT NULL,
    is_active boolean NOT NULL,
    date_joined timestamp with time zone NOT NULL
);


ALTER TABLE public.auth_user OWNER TO postgres;

--
-- Name: auth_user_groups; Type: TABLE; Schema: public; Owner: postgres
--

CREATE TABLE public.auth_user_groups (
    id bigint NOT NULL,
    user_id integer NOT NULL,
    group_id integer NOT NULL
);


ALTER TABLE public.auth_user_groups OWNER TO postgres;

--
-- Name: auth_user_groups_id_seq; Type: SEQUENCE; Schema: public; Owner: postgres
--

ALTER TABLE public.auth_user_groups ALTER COLUMN id ADD GENERATED BY DEFAULT AS IDENTITY (
    SEQUENCE NAME public.auth_user_groups_id_seq
    START WITH 1
    INCREMENT BY 1
    NO MINVALUE
    NO MAXVALUE
    CACHE 1
);


--
-- Name: auth_user_id_seq; Type: SEQUENCE; Schema: public; Owner: postgres
--

ALTER TABLE public.auth_user ALTER COLUMN id ADD GENERATED BY DEFAULT AS IDENTITY (
    SEQUENCE NAME public.auth_user_id_seq
    START WITH 1
    INCREMENT BY 1
    NO MINVALUE
    NO MAXVALUE
    CACHE 1
);


--
-- Name: auth_user_user_permissions; Type: TABLE; Schema: public; Owner: postgres
--

CREATE TABLE public.auth_user_user_permissions (
    id bigint NOT NULL,
    user_id integer NOT NULL,
    permission_id integer NOT NULL
);


ALTER TABLE public.auth_user_user_permissions OWNER TO postgres;

--
-- Name: auth_user_user_permissions_id_seq; Type: SEQUENCE; Schema: public; Owner: postgres
--

ALTER TABLE public.auth_user_user_permissions ALTER COLUMN id ADD GENERATED BY DEFAULT AS IDENTITY (
    SEQUENCE NAME public.auth_user_user_permissions_id_seq
    START WITH 1
    INCREMENT BY 1
    NO MINVALUE
    NO MAXVALUE
    CACHE 1
);


--
-- Name: authentication_login; Type: TABLE; Schema: public; Owner: postgres
--

CREATE TABLE public.authentication_login (
    id bigint NOT NULL,
    "is_Active" boolean NOT NULL,
    login_time timestamp with time zone NOT NULL,
    logout_time timestamp with time zone NOT NULL,
    username_id bigint NOT NULL
);


ALTER TABLE public.authentication_login OWNER TO postgres;

--
-- Name: authentication_login_id_seq; Type: SEQUENCE; Schema: public; Owner: postgres
--

ALTER TABLE public.authentication_login ALTER COLUMN id ADD GENERATED BY DEFAULT AS IDENTITY (
    SEQUENCE NAME public.authentication_login_id_seq
    START WITH 1
    INCREMENT BY 1
    NO MINVALUE
    NO MAXVALUE
    CACHE 1
);


--
-- Name: authentication_user; Type: TABLE; Schema: public; Owner: postgres
--

CREATE TABLE public.authentication_user (
    id bigint NOT NULL,
    username character varying(20) NOT NULL,
    password character varying(100) NOT NULL,
    role character varying(520) NOT NULL,
    enable boolean NOT NULL,
    password_count numeric(2,0) NOT NULL,
    staff_id bigint NOT NULL
);


ALTER TABLE public.authentication_user OWNER TO postgres;

--
-- Name: authentication_user_id_seq; Type: SEQUENCE; Schema: public; Owner: postgres
--

ALTER TABLE public.authentication_user ALTER COLUMN id ADD GENERATED BY DEFAULT AS IDENTITY (
    SEQUENCE NAME public.authentication_user_id_seq
    START WITH 1
    INCREMENT BY 1
    NO MINVALUE
    NO MAXVALUE
    CACHE 1
);


--
-- Name: django_admin_log; Type: TABLE; Schema: public; Owner: postgres
--

CREATE TABLE public.django_admin_log (
    id integer NOT NULL,
    action_time timestamp with time zone NOT NULL,
    object_id text,
    object_repr character varying(200) NOT NULL,
    action_flag smallint NOT NULL,
    change_message text NOT NULL,
    content_type_id integer,
    user_id bigint NOT NULL,
    CONSTRAINT django_admin_log_action_flag_check CHECK ((action_flag >= 0))
);


ALTER TABLE public.django_admin_log OWNER TO postgres;

--
-- Name: django_admin_log_id_seq; Type: SEQUENCE; Schema: public; Owner: postgres
--

ALTER TABLE public.django_admin_log ALTER COLUMN id ADD GENERATED BY DEFAULT AS IDENTITY (
    SEQUENCE NAME public.django_admin_log_id_seq
    START WITH 1
    INCREMENT BY 1
    NO MINVALUE
    NO MAXVALUE
    CACHE 1
);


--
-- Name: django_content_type; Type: TABLE; Schema: public; Owner: postgres
--

CREATE TABLE public.django_content_type (
    id integer NOT NULL,
    app_label character varying(100) NOT NULL,
    model character varying(100) NOT NULL
);


ALTER TABLE public.django_content_type OWNER TO postgres;

--
-- Name: django_content_type_id_seq; Type: SEQUENCE; Schema: public; Owner: postgres
--

ALTER TABLE public.django_content_type ALTER COLUMN id ADD GENERATED BY DEFAULT AS IDENTITY (
    SEQUENCE NAME public.django_content_type_id_seq
    START WITH 1
    INCREMENT BY 1
    NO MINVALUE
    NO MAXVALUE
    CACHE 1
);


--
-- Name: django_migrations; Type: TABLE; Schema: public; Owner: postgres
--

CREATE TABLE public.django_migrations (
    id bigint NOT NULL,
    app character varying(255) NOT NULL,
    name character varying(255) NOT NULL,
    applied timestamp with time zone NOT NULL
);


ALTER TABLE public.django_migrations OWNER TO postgres;

--
-- Name: django_migrations_id_seq; Type: SEQUENCE; Schema: public; Owner: postgres
--

ALTER TABLE public.django_migrations ALTER COLUMN id ADD GENERATED BY DEFAULT AS IDENTITY (
    SEQUENCE NAME public.django_migrations_id_seq
    START WITH 1
    INCREMENT BY 1
    NO MINVALUE
    NO MAXVALUE
    CACHE 1
);


--
-- Name: django_session; Type: TABLE; Schema: public; Owner: postgres
--

CREATE TABLE public.django_session (
    session_key character varying(40) NOT NULL,
    session_data text NOT NULL,
    expire_date timestamp with time zone NOT NULL
);


ALTER TABLE public.django_session OWNER TO postgres;

--
-- Name: inventory_inventory; Type: TABLE; Schema: public; Owner: postgres
--

CREATE TABLE public.inventory_inventory (
    id bigint NOT NULL,
    quantity numeric(10,2) NOT NULL,
    "dateUpdated" date NOT NULL,
    branch_id bigint NOT NULL,
    product_id bigint NOT NULL,
    storage_id bigint NOT NULL,
    "updatedBy_id" bigint NOT NULL
);


ALTER TABLE public.inventory_inventory OWNER TO postgres;

--
-- Name: inventory_inventory_id_seq; Type: SEQUENCE; Schema: public; Owner: postgres
--

ALTER TABLE public.inventory_inventory ALTER COLUMN id ADD GENERATED BY DEFAULT AS IDENTITY (
    SEQUENCE NAME public.inventory_inventory_id_seq
    START WITH 1
    INCREMENT BY 1
    NO MINVALUE
    NO MAXVALUE
    CACHE 1
);


--
-- Name: inventory_inventorysnapshot; Type: TABLE; Schema: public; Owner: postgres
--

CREATE TABLE public.inventory_inventorysnapshot (
    id bigint NOT NULL,
    quantity numeric(10,2) NOT NULL,
    date date NOT NULL,
    inventory_id bigint NOT NULL,
    product_id bigint NOT NULL
);


ALTER TABLE public.inventory_inventorysnapshot OWNER TO postgres;

--
-- Name: inventory_inventorysnapshot_id_seq; Type: SEQUENCE; Schema: public; Owner: postgres
--

ALTER TABLE public.inventory_inventorysnapshot ALTER COLUMN id ADD GENERATED BY DEFAULT AS IDENTITY (
    SEQUENCE NAME public.inventory_inventorysnapshot_id_seq
    START WITH 1
    INCREMENT BY 1
    NO MINVALUE
    NO MAXVALUE
    CACHE 1
);


--
-- Name: sales_sales; Type: TABLE; Schema: public; Owner: postgres
--

CREATE TABLE public.sales_sales (
    id bigint NOT NULL,
    quantity_sold numeric(10,2) NOT NULL,
    expected_sales numeric(14,2) NOT NULL,
    actual_sales numeric(14,2) NOT NULL,
    margin numeric(14,2) NOT NULL,
    reconciliation boolean NOT NULL,
    remark text,
    shift_id bigint NOT NULL
);


ALTER TABLE public.sales_sales OWNER TO postgres;

--
-- Name: sales_sales_id_seq; Type: SEQUENCE; Schema: public; Owner: postgres
--

ALTER TABLE public.sales_sales ALTER COLUMN id ADD GENERATED BY DEFAULT AS IDENTITY (
    SEQUENCE NAME public.sales_sales_id_seq
    START WITH 1
    INCREMENT BY 1
    NO MINVALUE
    NO MAXVALUE
    CACHE 1
);


--
-- Name: sales_shift; Type: TABLE; Schema: public; Owner: postgres
--

CREATE TABLE public.sales_shift (
    id bigint NOT NULL,
    type character varying(20) NOT NULL,
    start timestamp with time zone NOT NULL,
    "end" timestamp with time zone NOT NULL,
    stock numeric(10,2) NOT NULL,
    is_active boolean NOT NULL,
    branch_id bigint NOT NULL,
    product_id bigint NOT NULL,
    pump_id bigint NOT NULL,
    staff_id bigint NOT NULL
);


ALTER TABLE public.sales_shift OWNER TO postgres;

--
-- Name: sales_shift_id_seq; Type: SEQUENCE; Schema: public; Owner: postgres
--

ALTER TABLE public.sales_shift ALTER COLUMN id ADD GENERATED BY DEFAULT AS IDENTITY (
    SEQUENCE NAME public.sales_shift_id_seq
    START WITH 1
    INCREMENT BY 1
    NO MINVALUE
    NO MAXVALUE
    CACHE 1
);


--
-- Name: setup_branch; Type: TABLE; Schema: public; Owner: postgres
--

CREATE TABLE public.setup_branch (
    id bigint NOT NULL,
    "branchName" character varying(200) NOT NULL,
    "branchAddress" character varying(200) NOT NULL
);


ALTER TABLE public.setup_branch OWNER TO postgres;

--
-- Name: setup_branch_id_seq; Type: SEQUENCE; Schema: public; Owner: postgres
--

ALTER TABLE public.setup_branch ALTER COLUMN id ADD GENERATED BY DEFAULT AS IDENTITY (
    SEQUENCE NAME public.setup_branch_id_seq
    START WITH 1
    INCREMENT BY 1
    NO MINVALUE
    NO MAXVALUE
    CACHE 1
);


--
-- Name: setup_price; Type: TABLE; Schema: public; Owner: postgres
--

CREATE TABLE public.setup_price (
    id bigint NOT NULL,
    price numeric(6,2) NOT NULL,
    product_id bigint NOT NULL
);


ALTER TABLE public.setup_price OWNER TO postgres;

--
-- Name: setup_price_id_seq; Type: SEQUENCE; Schema: public; Owner: postgres
--

ALTER TABLE public.setup_price ALTER COLUMN id ADD GENERATED BY DEFAULT AS IDENTITY (
    SEQUENCE NAME public.setup_price_id_seq
    START WITH 1
    INCREMENT BY 1
    NO MINVALUE
    NO MAXVALUE
    CACHE 1
);


--
-- Name: setup_product; Type: TABLE; Schema: public; Owner: postgres
--

CREATE TABLE public.setup_product (
    id bigint NOT NULL,
    "productName" character varying(100) NOT NULL,
    "productDescription" character varying(200)
);


ALTER TABLE public.setup_product OWNER TO postgres;

--
-- Name: setup_product_id_seq; Type: SEQUENCE; Schema: public; Owner: postgres
--

ALTER TABLE public.setup_product ALTER COLUMN id ADD GENERATED BY DEFAULT AS IDENTITY (
    SEQUENCE NAME public.setup_product_id_seq
    START WITH 1
    INCREMENT BY 1
    NO MINVALUE
    NO MAXVALUE
    CACHE 1
);


--
-- Name: setup_pump; Type: TABLE; Schema: public; Owner: postgres
--

CREATE TABLE public.setup_pump (
    id bigint NOT NULL,
    "pumpDesc" character varying(100) NOT NULL,
    storage_id bigint NOT NULL
);


ALTER TABLE public.setup_pump OWNER TO postgres;

--
-- Name: setup_pump_id_seq; Type: SEQUENCE; Schema: public; Owner: postgres
--

ALTER TABLE public.setup_pump ALTER COLUMN id ADD GENERATED BY DEFAULT AS IDENTITY (
    SEQUENCE NAME public.setup_pump_id_seq
    START WITH 1
    INCREMENT BY 1
    NO MINVALUE
    NO MAXVALUE
    CACHE 1
);


--
-- Name: setup_staff; Type: TABLE; Schema: public; Owner: postgres
--

CREATE TABLE public.setup_staff (
    id bigint NOT NULL,
    title character varying(20) NOT NULL,
    firstname character varying(50) NOT NULL,
    surname character varying(50) NOT NULL,
    dateofbirth date NOT NULL,
    employmentdate date NOT NULL,
    designation character varying(30) NOT NULL,
    email character varying(254),
    phonenumber bigint NOT NULL,
    branch_id bigint NOT NULL,
    sex character varying(10) NOT NULL
);


ALTER TABLE public.setup_staff OWNER TO postgres;

--
-- Name: setup_staff_id_seq; Type: SEQUENCE; Schema: public; Owner: postgres
--

ALTER TABLE public.setup_staff ALTER COLUMN id ADD GENERATED BY DEFAULT AS IDENTITY (
    SEQUENCE NAME public.setup_staff_id_seq
    START WITH 1
    INCREMENT BY 1
    NO MINVALUE
    NO MAXVALUE
    CACHE 1
);


--
-- Name: setup_storage; Type: TABLE; Schema: public; Owner: postgres
--

CREATE TABLE public.setup_storage (
    id bigint NOT NULL,
    "storageDesc" character varying(100) NOT NULL,
    capacity numeric(10,2) NOT NULL,
    branch_id bigint NOT NULL,
    product_id bigint NOT NULL
);


ALTER TABLE public.setup_storage OWNER TO postgres;

--
-- Name: setup_storage_id_seq; Type: SEQUENCE; Schema: public; Owner: postgres
--

ALTER TABLE public.setup_storage ALTER COLUMN id ADD GENERATED BY DEFAULT AS IDENTITY (
    SEQUENCE NAME public.setup_storage_id_seq
    START WITH 1
    INCREMENT BY 1
    NO MINVALUE
    NO MAXVALUE
    CACHE 1
);


--
-- Name: validation_customuser; Type: TABLE; Schema: public; Owner: postgres
--

CREATE TABLE public.validation_customuser (
    id bigint NOT NULL,
    username character varying(11) NOT NULL,
    password character varying(100) NOT NULL,
    last_login timestamp with time zone NOT NULL,
    role character varying(100) NOT NULL,
    staff_id bigint NOT NULL,
    is_active boolean NOT NULL,
    is_admin boolean NOT NULL,
    is_staff boolean NOT NULL,
    is_superuser boolean NOT NULL
);


ALTER TABLE public.validation_customuser OWNER TO postgres;

--
-- Name: validation_users_groups; Type: TABLE; Schema: public; Owner: postgres
--

CREATE TABLE public.validation_users_groups (
    id bigint NOT NULL,
    users_id bigint NOT NULL,
    group_id integer NOT NULL
);


ALTER TABLE public.validation_users_groups OWNER TO postgres;

--
-- Name: validation_users_groups_id_seq; Type: SEQUENCE; Schema: public; Owner: postgres
--

ALTER TABLE public.validation_users_groups ALTER COLUMN id ADD GENERATED BY DEFAULT AS IDENTITY (
    SEQUENCE NAME public.validation_users_groups_id_seq
    START WITH 1
    INCREMENT BY 1
    NO MINVALUE
    NO MAXVALUE
    CACHE 1
);


--
-- Name: validation_users_id_seq; Type: SEQUENCE; Schema: public; Owner: postgres
--

ALTER TABLE public.validation_customuser ALTER COLUMN id ADD GENERATED BY DEFAULT AS IDENTITY (
    SEQUENCE NAME public.validation_users_id_seq
    START WITH 1
    INCREMENT BY 1
    NO MINVALUE
    NO MAXVALUE
    CACHE 1
);


--
-- Name: validation_users_user_permissions; Type: TABLE; Schema: public; Owner: postgres
--

CREATE TABLE public.validation_users_user_permissions (
    id bigint NOT NULL,
    users_id bigint NOT NULL,
    permission_id integer NOT NULL
);


ALTER TABLE public.validation_users_user_permissions OWNER TO postgres;

--
-- Name: validation_users_user_permissions_id_seq; Type: SEQUENCE; Schema: public; Owner: postgres
--

ALTER TABLE public.validation_users_user_permissions ALTER COLUMN id ADD GENERATED BY DEFAULT AS IDENTITY (
    SEQUENCE NAME public.validation_users_user_permissions_id_seq
    START WITH 1
    INCREMENT BY 1
    NO MINVALUE
    NO MAXVALUE
    CACHE 1
);


--
-- Data for Name: authUser_user; Type: TABLE DATA; Schema: public; Owner: postgres
--

COPY public."authUser_user" (id, phone_number, is_active, is_superuser, privileges, password, last_login, is_staff, name_id) FROM stdin;
8	08035214724	t	t		pbkdf2_sha256$870000$5I8MvqaVi7TA12JLASnVkM$QDtQqzWM/ODpZ2LRs7p8kh4jNBSFb3m3fi6MlE007sk=	2024-10-28 21:44:38.410291+01	t	\N
\.


--
-- Data for Name: authUser_user_groups; Type: TABLE DATA; Schema: public; Owner: postgres
--

COPY public."authUser_user_groups" (id, user_id, group_id) FROM stdin;
\.


--
-- Data for Name: authUser_user_user_permissions; Type: TABLE DATA; Schema: public; Owner: postgres
--

COPY public."authUser_user_user_permissions" (id, user_id, permission_id) FROM stdin;
\.


--
-- Data for Name: auth_group; Type: TABLE DATA; Schema: public; Owner: postgres
--

COPY public.auth_group (id, name) FROM stdin;
\.


--
-- Data for Name: auth_group_permissions; Type: TABLE DATA; Schema: public; Owner: postgres
--

COPY public.auth_group_permissions (id, group_id, permission_id) FROM stdin;
\.


--
-- Data for Name: auth_permission; Type: TABLE DATA; Schema: public; Owner: postgres
--

COPY public.auth_permission (id, name, content_type_id, codename) FROM stdin;
1	Can add log entry	1	add_logentry
2	Can change log entry	1	change_logentry
3	Can delete log entry	1	delete_logentry
4	Can view log entry	1	view_logentry
5	Can add permission	2	add_permission
6	Can change permission	2	change_permission
7	Can delete permission	2	delete_permission
8	Can view permission	2	view_permission
9	Can add group	3	add_group
10	Can change group	3	change_group
11	Can delete group	3	delete_group
12	Can view group	3	view_group
13	Can add user	4	add_user
14	Can change user	4	change_user
15	Can delete user	4	delete_user
16	Can view user	4	view_user
17	Can add content type	5	add_contenttype
18	Can change content type	5	change_contenttype
19	Can delete content type	5	delete_contenttype
20	Can view content type	5	view_contenttype
21	Can add session	6	add_session
22	Can change session	6	change_session
23	Can delete session	6	delete_session
24	Can view session	6	view_session
25	Can add shift	7	add_shift
26	Can change shift	7	change_shift
27	Can delete shift	7	delete_shift
28	Can view shift	7	view_shift
29	Can add pump	8	add_pump
30	Can change pump	8	change_pump
31	Can delete pump	8	delete_pump
32	Can view pump	8	view_pump
33	Can add storage	9	add_storage
34	Can change storage	9	change_storage
35	Can delete storage	9	delete_storage
36	Can view storage	9	view_storage
37	Can add product	10	add_product
38	Can change product	10	change_product
39	Can delete product	10	delete_product
40	Can view product	10	view_product
41	Can add staff	11	add_staff
42	Can change staff	11	change_staff
43	Can delete staff	11	delete_staff
44	Can view staff	11	view_staff
45	Can add branch	12	add_branch
46	Can change branch	12	change_branch
47	Can delete branch	12	delete_branch
48	Can view branch	12	view_branch
49	Can add login	13	add_login
50	Can change login	13	change_login
51	Can delete login	13	delete_login
52	Can view login	13	view_login
53	Can add user	14	add_user
54	Can change user	14	change_user
55	Can delete user	14	delete_user
56	Can view user	14	view_user
57	Can add login table	15	add_logintable
58	Can change login table	15	change_logintable
59	Can delete login table	15	delete_logintable
60	Can view login table	15	view_logintable
61	Can add user table	16	add_usertable
62	Can change user table	16	change_usertable
63	Can delete user table	16	delete_usertable
64	Can view user table	16	view_usertable
65	Can add inventory	17	add_inventory
66	Can change inventory	17	change_inventory
67	Can delete inventory	17	delete_inventory
68	Can view inventory	17	view_inventory
69	Can add inventory snap shot	18	add_inventorysnapshot
70	Can change inventory snap shot	18	change_inventorysnapshot
71	Can delete inventory snap shot	18	delete_inventorysnapshot
72	Can view inventory snap shot	18	view_inventorysnapshot
73	Can add shift	19	add_shift
74	Can change shift	19	change_shift
75	Can delete shift	19	delete_shift
76	Can view shift	19	view_shift
77	Can add price	20	add_price
78	Can change price	20	change_price
79	Can delete price	20	delete_price
80	Can view price	20	view_price
81	Can add User	21	add_user
82	Can change User	21	change_user
83	Can delete User	21	delete_user
84	Can view User	21	view_user
85	Can add sales	22	add_sales
86	Can change sales	22	change_sales
87	Can delete sales	22	delete_sales
88	Can view sales	22	view_sales
89	Can add users	23	add_users
90	Can change users	23	change_users
91	Can delete users	23	delete_users
92	Can view users	23	view_users
93	Can add custom users	24	add_customusers
94	Can change custom users	24	change_customusers
95	Can delete custom users	24	delete_customusers
96	Can view custom users	24	view_customusers
97	Can add custom user	25	add_customuser
98	Can change custom user	25	change_customuser
99	Can delete custom user	25	delete_customuser
100	Can view custom user	25	view_customuser
\.


--
-- Data for Name: auth_user; Type: TABLE DATA; Schema: public; Owner: postgres
--

COPY public.auth_user (id, password, last_login, is_superuser, username, first_name, last_name, email, is_staff, is_active, date_joined) FROM stdin;
1	pbkdf2_sha256$870000$gODfnftGnGdusQBbTcN9vq$KpKSzk0Y0jCE4rtVkbSZUoHSqhkKUKiku+eibZ87q/k=	2024-10-18 21:40:27.781549+01	t	admin				t	t	2024-10-01 20:28:16.944067+01
\.


--
-- Data for Name: auth_user_groups; Type: TABLE DATA; Schema: public; Owner: postgres
--

COPY public.auth_user_groups (id, user_id, group_id) FROM stdin;
\.


--
-- Data for Name: auth_user_user_permissions; Type: TABLE DATA; Schema: public; Owner: postgres
--

COPY public.auth_user_user_permissions (id, user_id, permission_id) FROM stdin;
\.


--
-- Data for Name: authentication_login; Type: TABLE DATA; Schema: public; Owner: postgres
--

COPY public.authentication_login (id, "is_Active", login_time, logout_time, username_id) FROM stdin;
\.


--
-- Data for Name: authentication_user; Type: TABLE DATA; Schema: public; Owner: postgres
--

COPY public.authentication_user (id, username, password, role, enable, password_count, staff_id) FROM stdin;
\.


--
-- Data for Name: django_admin_log; Type: TABLE DATA; Schema: public; Owner: postgres
--

COPY public.django_admin_log (id, action_time, object_id, object_repr, action_flag, change_message, content_type_id, user_id) FROM stdin;
1	2024-11-01 16:57:10.95852+01	32	Pump 01	2	[{"changed": {"fields": ["Storage"]}}]	8	17
2	2024-11-01 17:09:54.46303+01	57	Pump 03	2	[{"changed": {"fields": ["PumpDesc"]}}]	8	17
3	2024-11-01 17:20:55.052039+01	82	Pump 04	2	[{"changed": {"fields": ["Storage"]}}]	8	17
4	2024-11-01 17:21:07.294242+01	85	Pump 06	2	[{"changed": {"fields": ["Storage"]}}]	8	17
5	2024-11-01 17:21:17.061329+01	87	Pump 07	2	[{"changed": {"fields": ["Storage"]}}]	8	17
6	2024-11-01 17:22:32.638444+01	10	Pump 10	2	[{"changed": {"fields": ["Storage"]}}]	8	17
7	2024-11-01 17:22:40.405266+01	9	Pump 09	2	[{"changed": {"fields": ["Storage"]}}]	8	17
8	2024-11-01 17:23:09.54208+01	8	Pump 08	2	[{"changed": {"fields": ["Storage"]}}]	8	17
9	2024-11-01 17:23:17.038784+01	7	Pump 07	2	[{"changed": {"fields": ["Storage"]}}]	8	17
10	2024-11-01 17:23:24.924897+01	6	Pump 06	2	[{"changed": {"fields": ["Storage"]}}]	8	17
11	2024-11-01 17:23:49.649994+01	85	Pump 03	2	[{"changed": {"fields": ["PumpDesc"]}}]	8	17
12	2024-11-01 17:24:01.697+01	87	Pump 02	2	[{"changed": {"fields": ["PumpDesc"]}}]	8	17
13	2024-11-01 17:24:31.026433+01	10	Pump 1	2	[{"changed": {"fields": ["PumpDesc"]}}]	8	17
14	2024-11-01 17:24:39.705723+01	10	Pump 01	2	[{"changed": {"fields": ["PumpDesc"]}}]	8	17
15	2024-11-01 17:24:53.407181+01	9	Pump 05	2	[{"changed": {"fields": ["PumpDesc"]}}]	8	17
16	2024-11-01 22:53:26.750707+01	13	2-hole tank AGO 22000.00 Branch 2	2	[{"changed": {"fields": ["StorageDesc"]}}]	9	17
17	2024-11-01 22:53:36.494617+01	11	2-hole tank PMS 22000.00 Branch 2	2	[{"changed": {"fields": ["StorageDesc"]}}]	9	17
18	2024-11-02 12:30:35.204774+01	14	38000 liters of PMS, as of 2024-10-31	1	[{"added": {}}]	17	17
19	2024-11-02 12:31:47.8226+01	15	20000 liters of PMS, as of 2024-10-10	1	[{"added": {}}]	17	17
20	2024-11-02 12:32:44.518478+01	16	20000 liters of AGO, as of 2024-10-04	1	[{"added": {}}]	17	17
21	2024-11-02 12:34:36.119238+01	17	22000 liters of PMS, as of 2024-10-26	1	[{"added": {}}]	17	17
22	2024-11-02 12:41:59.501301+01	70	Jamila Sale	2	[{"changed": {"fields": ["Designation"]}}]	11	17
23	2024-11-02 12:42:49.150936+01	44	Garba Jega	2	[{"changed": {"fields": ["Designation"]}}]	11	17
24	2024-11-02 12:43:01.634424+01	1	Murtala Mohammed	2	[{"changed": {"fields": ["Designation"]}}]	11	17
25	2024-11-02 12:43:38.867051+01	116	Dauda Hamman	2	[{"changed": {"fields": ["Designation"]}}]	11	17
26	2024-11-02 12:44:02.924191+01	114	Iliya Madaki	2	[{"changed": {"fields": ["Designation"]}}]	11	17
27	2024-11-02 12:44:55.249014+01	25	Jamila Madaki	2	[{"changed": {"fields": ["Designation"]}}]	11	17
28	2024-11-02 12:46:18.984598+01	2	Ahmad Salihu	2	[{"changed": {"fields": ["Designation", "Branch"]}}]	11	17
29	2024-11-02 12:46:55.382243+01	23	Jamila Wada	2	[{"changed": {"fields": ["Branch"]}}]	11	17
30	2024-11-02 12:47:04.366497+01	81	Zainab Jega	2	[{"changed": {"fields": ["Branch"]}}]	11	17
31	2024-11-02 12:47:39.371801+01	93	Mustapha Habu	2	[{"changed": {"fields": ["Branch"]}}]	11	17
32	2024-11-02 12:47:46.429873+01	27	Solomon Habu	2	[{"changed": {"fields": ["Branch"]}}]	11	17
33	2024-11-02 12:48:06.675486+01	29	Yahya Imam	2	[]	11	17
34	2024-11-02 12:48:22.012141+01	29	Yahya Imam	2	[{"changed": {"fields": ["Branch"]}}]	11	17
35	2024-11-02 12:48:38.81025+01	34	David Sale	2	[{"changed": {"fields": ["Branch"]}}]	11	17
36	2024-11-02 12:49:01.049232+01	39	Garba Zakari	2	[{"changed": {"fields": ["Branch"]}}]	11	17
37	2024-11-02 12:49:45.817031+01	26	Zakari Rabiu	2	[{"changed": {"fields": ["Designation"]}}]	11	17
38	2024-11-02 12:50:43.360907+01	62	Mustapha Nuhu	2	[{"changed": {"fields": ["Designation"]}}]	11	17
39	2024-11-02 12:50:57.135774+01	75	Musa Sale	2	[{"changed": {"fields": ["Designation"]}}]	11	17
40	2024-11-02 12:51:23.490992+01	30	Iliya Kabiru	2	[{"changed": {"fields": ["Designation"]}}]	11	17
41	2024-11-02 12:51:43.876486+01	37	Muhammad Turaki	2	[{"changed": {"fields": ["Designation"]}}]	11	17
42	2024-11-02 12:52:07.807721+01	42	Isa Yau	2	[{"changed": {"fields": ["Designation"]}}]	11	17
43	2024-11-02 12:52:59.084326+01	81	Zainab Jega	2	[{"changed": {"fields": ["Designation"]}}]	11	17
44	2024-11-02 12:53:14.405179+01	40	Jamila Bappayo	2	[{"changed": {"fields": ["Designation"]}}]	11	17
45	2024-11-03 11:02:18.284007+01	9	Shift starts 2024-10-10 06:00:00+00:00 ends 2024-10-10 14:00:00+00:00	3		19	17
46	2024-11-03 11:02:18.284095+01	2	Shift starts 2024-10-20 14:23:00+00:00 ends 2024-10-20 20:23:00+00:00	3		19	17
47	2024-11-03 11:03:30.247481+01	11	Shift starts 2024-10-10 14:00:00+00:00 ends 2024-10-10 20:00:00+00:00	2	[{"changed": {"fields": ["Pump", "Product"]}}]	19	17
48	2024-11-03 11:03:48.064078+01	11	Shift starts 2024-10-10 14:00:00+00:00 ends 2024-10-10 20:00:00+00:00	2	[{"changed": {"fields": ["Stock"]}}]	19	17
49	2024-11-03 11:04:25.863792+01	10	Shift starts 2024-10-10 06:00:00+00:00 ends 2024-10-10 14:00:00+00:00	3		19	17
50	2024-11-05 14:14:36.608655+01	10	33000.00 liters of PMS, as of 2024-10-22	3		17	17
51	2024-11-05 15:03:31.184391+01	81	Zainab Jega	3		11	17
52	2024-11-10 21:59:09.901266+01	92	Omar Dauda	2	[]	11	17
\.


--
-- Data for Name: django_content_type; Type: TABLE DATA; Schema: public; Owner: postgres
--

COPY public.django_content_type (id, app_label, model) FROM stdin;
1	admin	logentry
2	auth	permission
3	auth	group
4	auth	user
5	contenttypes	contenttype
6	sessions	session
7	setup	shift
8	setup	pump
9	setup	storage
10	setup	product
11	setup	staff
12	setup	branch
13	authentication	login
14	authentication	user
15	validation	logintable
16	validation	usertable
17	inventory	inventory
18	inventory	inventorysnapshot
19	sales	shift
20	setup	price
21	authUser	user
22	sales	sales
23	validation	users
24	validation	customusers
25	validation	customuser
\.


--
-- Data for Name: django_migrations; Type: TABLE DATA; Schema: public; Owner: postgres
--

COPY public.django_migrations (id, app, name, applied) FROM stdin;
1	contenttypes	0001_initial	2024-09-30 22:50:59.721298+01
2	auth	0001_initial	2024-09-30 22:50:59.864981+01
6	contenttypes	0002_remove_content_type_name	2024-09-30 22:50:59.94232+01
7	auth	0002_alter_permission_name_max_length	2024-09-30 22:50:59.954442+01
8	auth	0003_alter_user_email_max_length	2024-09-30 22:50:59.970396+01
9	auth	0004_alter_user_username_opts	2024-09-30 22:50:59.98526+01
10	auth	0005_alter_user_last_login_null	2024-09-30 22:51:00.00647+01
11	auth	0006_require_contenttypes_0002	2024-09-30 22:51:00.010941+01
12	auth	0007_alter_validators_add_error_messages	2024-09-30 22:51:00.028453+01
13	auth	0008_alter_user_username_max_length	2024-09-30 22:51:00.066927+01
14	auth	0009_alter_user_last_name_max_length	2024-09-30 22:51:00.092077+01
15	auth	0010_alter_group_name_max_length	2024-09-30 22:51:00.115431+01
16	auth	0011_update_proxy_permissions	2024-09-30 22:51:00.126436+01
17	auth	0012_alter_user_first_name_max_length	2024-09-30 22:51:00.136339+01
18	sessions	0001_initial	2024-09-30 22:51:00.153301+01
19	setup	0001_initial	2024-10-01 21:51:26.93594+01
20	authentication	0001_initial	2024-10-01 21:51:26.997628+01
21	setup	0002_rename_capacity_storage_quantity	2024-10-05 18:18:42.817691+01
22	validation	0001_initial	2024-10-05 19:11:07.512562+01
23	validation	0002_rename_login_logintable_rename_user_usertable_and_more	2024-10-05 19:11:07.575432+01
24	setup	0003_rename_branchdesc_branch_branchname	2024-10-05 20:15:37.85042+01
25	setup	0004_alter_branch_options_alter_product_options_and_more	2024-10-05 23:29:09.788427+01
26	setup	0005_alter_storage_quantity	2024-10-06 12:52:07.371446+01
27	setup	0006_product_date_updated_product_quantity	2024-10-06 15:30:18.654807+01
28	setup	0007_rename_type_product_productname_and_more	2024-10-08 20:43:35.401785+01
29	inventory	0001_initial	2024-10-08 20:43:35.444724+01
30	setup	0008_storage_product	2024-10-10 22:24:36.4592+01
31	inventory	0002_inventorysnapshot	2024-10-10 22:24:36.489946+01
32	inventory	0003_alter_inventory_product	2024-10-18 22:50:05.98671+01
33	setup	0009_shift_is_active_shift_pump_shift_quantity_sold_and_more	2024-10-19 19:42:12.366308+01
34	setup	0010_alter_shift_pump_alter_shift_staff_alter_staff_sex	2024-10-19 19:42:12.487812+01
35	setup	0011_alter_pump_pupmdesc	2024-10-19 19:42:12.525519+01
36	setup	0012_alter_staff_phonenumber	2024-10-19 19:58:28.721688+01
37	setup	0013_rename_pupmdesc_pump_pumpdesc_price_delete_shift	2024-10-20 09:22:21.598124+01
38	sales	0001_initial	2024-10-20 09:22:21.765832+01
39	setup	0014_alter_price_price	2024-10-20 12:21:48.133612+01
40	authUser	0001_initial	2024-10-23 10:44:51.707038+01
41	sales	0002_shift_actual_sales	2024-10-23 10:44:51.749212+01
42	authUser	0002_alter_user_managers_remove_user_username	2024-10-23 11:04:34.127803+01
43	authUser	0003_remove_user_email_user_name_alter_user_password	2024-10-23 11:08:40.704325+01
44	authUser	0004_rename_name_user_email_and_more	2024-10-23 11:42:16.76478+01
45	authUser	0005_alter_user_email	2024-10-23 11:48:57.859053+01
46	authUser	0006_user_is_staff	2024-10-23 13:44:51.773562+01
47	authUser	0007_rename_username_user_phone_number_user_name_and_more	2024-10-23 15:10:28.171342+01
48	authUser	0008_alter_user_name	2024-10-23 15:11:00.712808+01
49	authUser	0009_alter_user_name	2024-10-23 15:12:18.026609+01
50	authUser	0010_alter_user_name_alter_user_phone_number	2024-10-23 15:42:15.94445+01
51	sales	0003_rename_total_sales_shift_expected_sales	2024-10-28 12:52:48.946187+01
52	sales	0004_sales	2024-10-28 16:17:59.35657+01
53	authUser	0011_alter_user_password	2024-10-29 00:48:12.790135+01
54	authUser	0012_remove_user_email_alter_user_name_and_more	2024-10-29 10:24:47.156281+01
55	authUser	0013_alter_user_password_alter_user_privileges	2024-10-29 10:24:47.19086+01
56	validation	0003_remove_usertable_staff_users_delete_logintable_and_more	2024-10-29 21:59:40.188842+01
57	validation	0004_alter_users_is_active_alter_users_privileges	2024-10-29 23:10:24.178934+01
58	validation	0005_remove_users_is_active_users_is_active	2024-10-29 23:12:16.627229+01
59	validation	0006_users_groups_users_is_admin_users_is_staff_and_more	2024-10-30 12:55:37.104574+01
60	validation	0007_alter_users_privileges	2024-10-30 13:17:02.009792+01
61	validation	0002_rename_privileges_customusers_role	2024-10-31 11:53:18.977781+01
62	admin	0001_initial	2024-10-31 13:45:01.339355+01
63	admin	0002_logentry_remove_auto_add	2024-10-31 13:45:01.351224+01
64	admin	0003_logentry_add_action_flag_choices	2024-10-31 13:45:01.362347+01
65	validation	0002_alter_customuser_options	2024-10-31 21:42:08.673358+01
66	sales	0002_remove_shift_actual_sales_and_more	2024-11-02 21:55:30.695618+01
67	sales	0003_alter_shift_type	2024-11-02 22:38:39.051583+01
68	inventory	0002_rename_inventoryv_inventorysnapshot_inventory	2024-11-13 09:51:30.353235+01
\.


--
-- Data for Name: django_session; Type: TABLE DATA; Schema: public; Owner: postgres
--

COPY public.django_session (session_key, session_data, expire_date) FROM stdin;
4xfluoi5sz2ra4l5w326q5a5mskwwzvv	.eJxVjEEOwiAQAP_C2ZAuW6B49N43kGWhUjWQlPZk_Lsh6UGvM5N5C0_Hnv3R0ubXKK4CxOWXBeJnKl3EB5V7lVzLvq1B9kSetsm5xvS6ne3fIFPLfYuLMgk1Ayt0lJgUwGS1prBAtDgYZzAhj2zBAtgx4ERDZOesUSEo8fkCzh83Mg:1sz0f1:TyVB9LCqatbqw1-H-JP7OL7-IZWqL4fq9gFoNapKHqg	2024-10-24 22:25:27.609247+01
62e96ci39n9lcvmmky5mzzspt2o2bomj	e30:1t9LYz:pwcq6_3X9MkyekvBoI3RAdz5AJbVDqG1SwIWYBjc5Ss	2024-11-22 10:45:57.763806+01
e0a2n4cdq9tvwmnzxncvmij3kucvhn07	e30:1t9P5c:MMK8ZI1o38Agpnq9IOc_vhGah1pkEIHdQziVea3aSoE	2024-11-22 14:31:52.563015+01
59ov2vjc1l5spra5pm20bdof1ssx13em	e30:1t9jED:Q8zk2OFQkSX-izWaSaDf1ewu0-eUddAgEGrn1m6xqH0	2024-11-23 12:02:05.999428+01
cqtjgx57dd0y3esiflunvaezgjvfmpig	e30:1t9jIL:2rXL6Xo5lBVBGC3nyyzlcedxcdqXXg0yETBtiIG3oHo	2024-11-23 12:06:21.619943+01
k21e1dwr91njosf1ottbdb205up86ipr	e30:1t9jKq:DH0auuBDZDU9Terov5FBHT2WbAOiFQSEYhoyu22MT9E	2024-11-23 12:08:56.225344+01
huy2ewunepxnv4bcw6xisjl7pojrj5kw	e30:1t6nDc:AC7VRCbLwN5NZG1GkV5Hn1EHxTDxS0Rs1uecfzJ4N1k	2024-11-15 09:41:20.99456+01
diuystc3scyo5p4bz0q1ctbqghn7vmes	e30:1t6nEj:niRzDOeoVVdU-Jtu35obD8w0wCV9pp2PRFS7RO2EX_M	2024-11-15 09:42:29.931024+01
ihekh9tsevfvixgqj7mhtut7givmntxl	e30:1t6nGk:hF5fxTiPV5_9pYzkfl715j9bxb3TpyV0J-pLkVEsj14	2024-11-15 09:44:34.304791+01
r4ea4jomwqaukbe2tb57i3v5h5ryjlzj	e30:1t6nJl:3ZU3NKLBeCjDaJyJe00sdQH-V4pC3JbtC2UrZt6uQmI	2024-11-15 09:47:41.660016+01
4lpd7uyi0vpeqcdglzwyv3ctmquwrdmq	e30:1t6nNp:9IbO1OpKNrIAlRCddxNOD8xBxkszqCyfpbNsVMMVYYM	2024-11-15 09:51:53.25905+01
bqu7mbefd218fmnf60hf7wf4bfkegs79	e30:1t6nSk:u0zLs_dp9-3vDCh6SuZ-uA8xbB8AvVXjJXLLPyLUA54	2024-11-15 09:56:58.35652+01
evrewwbt5t3mxpak6n0kjnp4imztn6xg	.eJxVjLsOwyAUQ_-FuUIQLq-O3fMN6PIqaSuQQjJV_fcSKUMrebGP7TdxuG_F7T2tbonkSrgml9_QY3imepD4wHpvNLS6rYunR4WetNO5xfS6nd2_g4K9jLXShnOdvWSG8eBBBg2Qs2LMyikKHwUIHG5SfsgwtAAp8QDWSIFCkc8X3R022w:1tAVKz:wr0SNEeQPzhAlQ_tAlm3fYtejG50-jtZ2LOjLQqc9Mo	2024-11-25 15:24:17.291014+01
j160cerg8setchzlhtijazowpnjs84g8	.eJxVjEEOgjAQRe_StWmGobTWpXvOQGY6g6CmTSisjHdXEha6_e-9_zIDbes0bFWXYRZzMTGa0-_IlB6adyJ3yrdiU8nrMrPdFXvQavsi-rwe7t_BRHX61kqKrW9AWiFNQA2ig6guhMDJjzxip9hxmxBoBD0Hx951hOAlslcx7w8fpziH:1tArp6:Do8WQjzorTP7UgIDjTqpkcc1BE9mZbMFfWwYiezEcLE	2024-11-26 15:24:52.659268+01
\.


--
-- Data for Name: inventory_inventory; Type: TABLE DATA; Schema: public; Owner: postgres
--

COPY public.inventory_inventory (id, quantity, "dateUpdated", branch_id, product_id, storage_id, "updatedBy_id") FROM stdin;
3	33000.00	2024-10-10	1	1	15	1
4	22000.00	2024-10-03	1	3	14	1
5	22000.00	2024-10-01	2	2	13	1
6	21976.00	2024-10-09	2	1	11	1
7	33000.00	2024-02-21	3	1	2	1
8	12000.00	2024-10-15	3	2	5	1
9	44000.00	2024-10-30	3	1	3	1
11	20011.00	2024-10-22	3	1	7	1
12	17000.00	2024-11-29	3	2	8	1
13	40000.00	2024-10-20	4	1	9	1
14	38000.00	2024-10-31	4	1	12	40
15	20000.00	2024-10-10	5	1	10	40
16	20000.00	2024-10-04	5	2	4	40
17	22000.00	2024-10-26	5	1	1	40
\.


--
-- Data for Name: inventory_inventorysnapshot; Type: TABLE DATA; Schema: public; Owner: postgres
--

COPY public.inventory_inventorysnapshot (id, quantity, date, inventory_id, product_id) FROM stdin;
\.


--
-- Data for Name: sales_sales; Type: TABLE DATA; Schema: public; Owner: postgres
--

COPY public.sales_sales (id, quantity_sold, expected_sales, actual_sales, margin, reconciliation, remark, shift_id) FROM stdin;
\.


--
-- Data for Name: sales_shift; Type: TABLE DATA; Schema: public; Owner: postgres
--

COPY public.sales_shift (id, type, start, "end", stock, is_active, branch_id, product_id, pump_id, staff_id) FROM stdin;
7	Morning	2024-10-10 07:00:00+01	2024-10-10 15:00:00+01	22000.00	f	1	3	33	39
8	Afternoon	2024-10-10 15:00:00+01	2024-10-10 23:00:00+01	22000.00	f	1	3	33	50
12	Morning	2024-10-10 07:00:00+01	2024-10-10 15:00:00+01	33000.00	f	1	1	32	107
11	Afternoon	2024-10-10 15:00:00+01	2024-10-10 21:00:00+01	33000.00	f	1	1	2	125
13	Morning	2024-10-10 07:00:00+01	2024-10-10 15:00:00+01	22000.00	f	2	2	47	29
14	Afternoon	2024-10-10 15:00:00+01	2024-10-10 21:00:00+01	22000.00	f	2	2	47	34
15	Morning	2024-10-10 07:00:00+01	2024-10-10 15:00:00+01	21976.00	f	2	1	43	38
16	Afternoon	2024-10-10 15:00:00+01	2024-10-10 23:00:00+01	21976.00	f	2	1	43	45
17	Morning	2024-10-18 08:00:00+01	2024-10-18 15:00:00+01	33000.00	f	3	1	11	44
18	Afternoon	2024-10-18 15:00:00+01	2024-10-18 23:00:00+01	33000.00	f	3	1	11	70
19	Morning	2024-10-18 08:00:00+01	2024-10-18 15:00:00+01	44000.00	f	3	1	27	53
20	Afternoon	2024-10-18 15:00:00+01	2024-10-18 23:00:00+01	44000.00	f	3	1	29	47
21	Morning	2024-10-18 07:00:00+01	2024-10-18 15:00:00+01	12000.00	f	3	2	73	80
22	Afternoon	2024-10-18 15:00:00+01	2024-10-18 23:00:00+01	12000.00	f	3	2	71	58
23	Morning	2024-10-15 07:00:00+01	2024-10-15 15:00:00+01	40000.00	f	4	1	51	124
24	Morning	2024-10-15 07:00:00+01	2024-10-15 15:00:00+01	40000.00	f	4	1	52	85
25	Afternoon	2024-10-15 15:00:00+01	2024-10-15 23:00:00+01	38000.00	f	4	1	59	99
26	Afternoon	2024-10-15 15:00:00+01	2024-10-15 23:00:00+01	38000.00	f	4	1	57	117
27	Afternoon	2024-10-15 15:00:00+01	2024-10-15 23:00:00+01	40000.00	f	4	1	55	106
28	Morning	2024-10-20 15:00:00+01	2024-10-20 16:00:00+01	20000.00	f	5	1	79	2
29	Morning	2024-10-20 07:00:00+01	2024-11-20 15:00:00+01	20000.00	f	5	2	66	123
30	Morning	2024-10-20 07:00:00+01	2024-10-20 15:00:00+01	22000.00	f	5	1	3	116
31	Afternoon	2024-10-20 15:00:00+01	2024-10-20 23:11:00+01	22000.00	f	5	1	1	100
32	Afternoon	2024-10-20 15:00:00+01	2024-10-21 00:00:00+01	20000.00	f	5	2	68	116
\.


--
-- Data for Name: setup_branch; Type: TABLE DATA; Schema: public; Owner: postgres
--

COPY public.setup_branch (id, "branchName", "branchAddress") FROM stdin;
1	Branch 1	Along Dadin KowaRoad Gombe
2	Branch 2	Along Dadin KowaRoad Gombe
3	Branch 3	Dukku Road Gombe
4	Branch 4	Opp Gombe Transport Company
5	Branch 5	Tumfure, Bauchi Road Gombe
7	Head Office	NO 23, Ahmadu Bello Way, Gombe
\.


--
-- Data for Name: setup_price; Type: TABLE DATA; Schema: public; Owner: postgres
--

COPY public.setup_price (id, price, product_id) FROM stdin;
2	600.00	3
3	1300.00	4
1	1450.00	2
4	1250.00	1
\.


--
-- Data for Name: setup_product; Type: TABLE DATA; Schema: public; Owner: postgres
--

COPY public.setup_product (id, "productName", "productDescription") FROM stdin;
1	PMS	High grade fuel (petrol)
2	AGO	High grade fuel for disiel engine
3	Kerosene	
4	LPG	Gas fuel for cooking, heating, etc.
\.


--
-- Data for Name: setup_pump; Type: TABLE DATA; Schema: public; Owner: postgres
--

COPY public.setup_pump (id, "pumpDesc", storage_id) FROM stdin;
1	Pump 01	1
2	Pump 02	1
3	Pump 03	1
4	Pump 04	1
5	Pump 05	1
11	Pump 01	2
12	Pump 02	2
13	Pump 04	2
14	Pump 03	2
15	Pump 05	2
16	Pump 06	2
17	Pump 07	2
19	Pump 08	2
20	Pump 09	2
21	Pump 10	2
22	Pump 01	3
23	Pump 02	3
24	Pump 03	3
25	Pump 04	3
26	Pump 05	3
27	Pump 06	3
28	Pump 07	3
29	Pump 08	3
30	Pump 09	3
31	Pump 10	3
33	Pump 01	14
32	Pump 01	15
34	Pump 02	14
35	Pump 03	14
36	Pump 04	14
37	Pump 05	14
38	Pump 02	15
39	Pump 03	15
40	Pump 04	15
41	Pump 05	15
42	Pump 01	11
43	Pump 02	11
44	Pump 03	11
45	Pump 04	11
46	Pump 05	11
47	Pump 01	13
48	Pump 03	13
49	Pump 04	13
50	Pump 05	13
51	Pump 01	9
52	Pump 02	9
53	Pump 03	9
54	Pump 04	9
55	Pump 05	9
56	Pump 01	12
58	Pump 02	12
59	Pump 04	12
57	Pump 03	12
60	Pump 05	12
61	Pump 06	12
62	Pump 07	12
63	Pump 08	12
64	Pump 09	12
65	Pump 10	12
66	Pump 01	4
67	Pump 02	4
68	Pump 03	4
69	Pump 05	4
70	Pump 04	4
71	Pump 01	5
72	Pump 02	5
73	Pump 03	5
74	Pump 01	8
75	Pump 02	8
76	Pump 03	8
77	Pump 04	8
78	Pump 05	8
79	Pump 01	10
80	Pump 02	10
81	Pump 03	10
83	Pump 04	10
84	Pump 05	10
86	Pump 06	10
88	Pump 07	10
89	Pump 08	10
90	Pump 09	10
91	Pump 10	10
82	Pump 04	7
8	Pump 08	7
7	Pump 07	7
6	Pump 06	7
85	Pump 03	7
87	Pump 02	7
10	Pump 01	7
9	Pump 05	7
\.


--
-- Data for Name: setup_staff; Type: TABLE DATA; Schema: public; Owner: postgres
--

COPY public.setup_staff (id, title, firstname, surname, dateofbirth, employmentdate, designation, email, phonenumber, branch_id, sex) FROM stdin;
31	Mal	Omar	Nuhu	1980-08-30	1998-08-26	pump_attendant	n.omar@gmail.com	8026490042	5	Female
32	Alh.	Isa	Dauda	1986-10-18	2004-10-13	pump_attendant	d.isa@gmail.com	8031275149	4	Female
33	Mal	Solomon	Nuhu	2005-01-31	2023-01-27	pump_attendant	n.solomon@gmail.com	8023541175	4	Male
39	Alh.	Garba	Zakari	1980-07-01	1998-06-27	pump_attendant	z.garba@gmail.com	8030164880	1	Male
35	Mal	ALiyu	Yau	1979-05-28	1997-05-23	cashier_accountant	y.aliyu@gmail.com	8029994968	4	Male
36	Mal	Zakari	Turaki	2006-08-14	2024-08-09	manager	t.zakari@gmail.com	8030276237	2	Female
42	Miss	Isa	Yau	1986-07-10	2004-07-05	supervisor	y.isa@gmail.com	8025723063	3	Male
38	Mal	Salihu	Zakari	1982-05-12	2000-05-07	pump_attendant	z.salihu@gmail.com	8031727547	2	Female
26	Mal	Zakari	Rabiu	1990-04-20	2008-04-15	supervisor	r.zakari@gmail.com	8032781681	1	Male
22	Mr	Isa	Jega	1977-04-08	1995-04-04	manager	j.isa@gmail.com	8026666813	1	Male
24	Mal	Iliya	Turaki	1999-12-29	2017-12-24	supervisor	t.iliya@gmail.com	8023346078	4	Male
2	Mal	Ahmad	Salihu	1979-10-22	2022-09-20	pump_attendant	asalihu@almanas.com	8023456712	5	Male
62	Alh.	Mustapha	Nuhu	2005-12-17	2023-12-13	pump_attendant	nuhu.mustapha@gmail.com	8024189432	2	Female
34	Mal	David	Sale	1975-05-09	1993-05-04	pump_attendant	s.david@gmail.com	8023462830	2	Male
28	Mal	Iliya	Wada	2006-07-25	2024-07-20	pump_attendant	w.iliya@gmail.com	8031072358	4	Male
29	Mal	Yahya	Imam	1999-11-19	2017-11-14	pump_attendant	i.yahya@gmail.com	8030471277	2	Male
37	Alh.	Muhammad	Turaki	1994-06-18	2012-06-13	security	t.muhammad@gmail.com	8029999184	1	Male
41	Mal	Iliya	Rabiu	1981-06-26	1999-06-22	pump_attendant	r.iliya@gmail.com	8033386237	5	Male
43	Mal	Yahya	Bappayo	2005-07-10	2023-07-06	security	b.yahya@gmail.com	8027599229	5	Male
1	Alh	Murtala	Mohammed	2006-06-19	2024-10-18	manager	mumlaqs@gmail.com	8035214724	3	Male
45	Mal	Solomon	Bappayo	1996-03-19	2014-03-15	pump_attendant	b.solomon@gmail.com	8022564654	2	Male
46	Mr	Hadiza	Habu	2000-08-05	2018-08-01	pump_attendant	h.hadiza@gmail.com	8026875497	5	Male
47	Mal	Uche	Rabiu	1986-08-19	2004-08-14	pump_attendant	r.uche@gmail.com	8024380822	3	Male
48	Mal	ALiyu	Madaki	1991-05-05	2009-04-30	pump_attendant	m.aliyu@gmail.com	8033762212	4	Male
49	Mal	Garba	Awwal	1981-07-16	1999-07-12	pump_attendant	a.garba@gmail.com	8028011713	2	Male
50	Mal	Omar	Jega	1983-02-16	2001-02-11	pump_attendant	j.omar@gmail.com	8025506616	1	Male
51	Mal	Uche	Dauda	1975-02-18	1993-02-13	cashier_accountant	d.uche@gmail.com	8023149770	3	Male
52	Mal	Usman	Madaki	1982-04-22	2000-04-17	cashier_accountant	m.usman@gmail.com	8022387123	5	Male
53	Mr	Isa	Nuhu	1986-05-31	2004-05-26	pump_attendant	n.isa@gmail.com	8034022564	3	Male
54	Mal	Musa	Hamman	1987-07-05	2005-06-30	pump_attendant	h.musa@gmail.com	8031291863	1	Male
70	Mal	Jamila	Sale	1997-02-02	2015-01-29	pump_attendant	sale.jamila@gmail.com	8027944680	3	Male
56	Mr	Zainab	Jega	1981-05-17	1999-05-13	pump_attendant	j.zainab@gmail.com	8023150268	5	Male
57	Mal	Musa	Wada	1992-06-08	2010-06-04	pump_attendant	w.musa@gmail.com	8027646311	4	Male
58	Mal	Salihu	Usman	1979-04-18	1997-04-13	pump_attendant	u.salihu@gmail.com	8023506032	3	Male
60	Alh.	Zakari	Usman	1987-04-16	2005-04-11	pump_attendant	usman.zakari@gmail.com	8030638001	4	Female
44	Mal	Garba	Jega	1986-07-10	2004-07-05	pump_attendant	j.garba@gmail.com	8023104942	3	Male
75	Alh.	Musa	Sale	1993-02-03	2011-01-30	pump_attendant	sale.musa@gmail.com	8023328978	2	Female
63	Mal	ALiyu	Turaki	2003-01-02	2020-12-28	security	turaki.aliyu@gmail.com	8029278278	4	Female
64	Mr	Zakari	Zakari	1988-10-07	2006-10-03	pump_attendant	zakari.zakari@gmail.com	8030215455	2	Female
65	Mal	Dauda	Turaki	1990-11-06	2008-11-01	pump_attendant	turaki.dauda@gmail.com	8034807659	1	Male
25	Mal	Jamila	Madaki	1992-03-20	2010-03-16	pump_attendant	m.jamila@gmail.com	8033980916	4	Female
67	Mr	Zainab	Zakari	1985-02-25	2003-02-21	pump_attendant	zakari.zainab@gmail.com	8032578918	3	Male
68	Mal	Zakari	Awwal	1983-01-27	2001-01-22	pump_attendant	awwal.zakari@gmail.com	8032353864	3	Male
23	Mal	Jamila	Wada	1996-04-28	2014-04-24	pump_attendant	w.jamila@gmail.com	8033275519	5	Male
27	Mal	Solomon	Habu	1995-03-25	2013-03-20	pump_attendant	h.solomon@gmail.com	8035039548	5	Female
71	Mal	ALiyu	Zakari	1975-01-29	1993-01-24	pump_attendant	zakari.aliyu@gmail.com	8030439175	1	Male
72	Mal	Yahya	Jega	1988-12-06	2006-12-02	pump_attendant	jega.yahya@gmail.com	8024643634	2	Male
73	Mal	Omar	Ardo	1986-05-31	2004-05-26	pump_attendant	ardo.omar@gmail.com	8027534616	1	Female
74	Mr	Zakari	Habu	1990-04-20	2008-04-15	pump_attendant	habu.zakari@gmail.com	8031374134	1	Female
30	Alh.	Iliya	Kabiru	2006-04-16	2024-04-11	cashier_accountant	k.iliya@gmail.com	8025898017	1	Male
76	Mal	ALiyu	Nuhu	1984-10-08	2002-10-04	pump_attendant	nuhu.aliyu@gmail.com	8026661416	3	Male
77	Alh.	Salihu	Madaki	1983-01-07	2001-01-02	supervisor	madaki.salihu@gmail.com	8027178423	2	Male
78	Mal	Uche	Rabiu	1999-12-29	2017-12-24	pump_attendant	rabiu.uche@gmail.com	8027804536	2	Male
79	Mal	Yahya	Kabiru	1994-09-26	2012-09-21	pump_attendant	kabiru.yahya@gmail.com	8030860910	1	Male
80	Haj.	Musa	Kabiru	1997-05-13	2015-05-09	pump_attendant	kabiru.musa@gmail.com	8024882128	3	Male
40	Mal	Jamila	Bappayo	2003-10-29	2021-10-24	pump_attendant	b.jamila@gmail.com	8034634106	5	Female
82	Mal	Jamila	Habu	1995-10-11	2013-10-06	pump_attendant	habu.jamila@gmail.com	8023238848	1	Female
55	Mr	Zakari	Habu	1987-07-05	2005-06-30	driver	h.zakari@gmail.com	8029953793	7	Male
83	Mal	Jamila	Madaki	1976-06-12	1994-06-08	pump_attendant	madaki.jamila@gmail.com	8024267425	3	Male
84	Mal	Uche	Turaki	1993-09-11	2011-09-07	pump_attendant	turaki.uche@gmail.com	8029803311	2	Male
85	Mal	Jamila	Lawal	1979-08-16	1997-08-11	pump_attendant	lawal.jamila@gmail.com	8027725629	4	Male
86	Mal	Usman	Yau	1984-06-10	2002-06-06	pump_attendant	yau.usman@gmail.com	8031285678	2	Female
87	Mal	Uche	Imam	1994-07-08	2012-07-03	pump_attendant	imam.uche@gmail.com	8026165504	4	Male
88	Alh.	Solomon	Kabiru	1986-05-31	2004-05-26	pump_attendant	kabiru.solomon@gmail.com	8029536389	3	Male
89	Alh.	Omar	Imam	1983-12-13	2001-12-08	manager	imam.omar@gmail.com	8025811780	4	Male
90	Mal	Salihu	Nuhu	1986-04-21	2004-04-16	pump_attendant	nuhu.salihu@gmail.com	8022971107	3	Male
91	Mr	Solomon	Usman	1997-06-22	2015-06-18	pump_attendant	usman.solomon@gmail.com	8033965391	5	Male
95	Mr	Isa	Habu	2000-10-04	2018-09-30	pump_attendant	habu.isa@gmail.com	8029696151	2	Male
96	Mr	Jamila	Kabiru	1985-04-26	2003-04-22	pump_attendant	kabiru.jamila@gmail.com	8027400097	5	Male
97	Mal	ALiyu	Usman	1980-12-28	1998-12-24	pump_attendant	usman.aliyu@gmail.com	8029285803	1	Male
98	Mal	Zainab	Wada	1999-02-12	2017-02-07	pump_attendant	wada.zainab@gmail.com	8034861108	1	Male
99	Mal	Dauda	Nuhu	2006-05-26	2024-05-21	pump_attendant	nuhu.dauda@gmail.com	8033464266	4	Male
100	Mal	Isa	Bappayo	1996-11-14	2014-11-10	pump_attendant	bappayo.isa@gmail.com	8034608160	5	Male
101	Mal	Omar	Bappayo	1984-05-01	2002-04-27	pump_attendant	bappayo.omar@gmail.com	8022659382	4	Male
102	Miss	ALiyu	Wada	1977-06-27	1995-06-23	security	wada.aliyu@gmail.com	8026851519	2	Male
104	Haj.	ALiyu	Jega	1975-04-19	1993-04-14	pump_attendant	jega.aliyu@gmail.com	8024146035	3	Male
105	Mal	Zakari	Dauda	2001-07-31	2019-07-27	pump_attendant	dauda.zakari@gmail.com	8033193294	1	Male
106	Mal	Hadiza	Usman	1985-07-15	2003-07-11	pump_attendant	usman.hadiza@gmail.com	8032965626	4	Female
107	Mr	Jamila	Jega	1996-06-07	2014-06-03	pump_attendant	jega.jamila@gmail.com	8031616839	1	Male
108	Mal	Jamila	Ardo	1995-12-30	2013-12-25	pump_attendant	ardo.jamila@gmail.com	8029702017	3	Male
109	Mr	Yahya	Zakari	1995-02-13	2013-02-08	pump_attendant	zakari.yahya@gmail.com	8026780251	3	Male
110	Mal	Musa	Bappayo	1980-10-29	1998-10-25	pump_attendant	bappayo.musa@gmail.com	8023333656	3	Male
111	Haj.	Uche	Ardo	2005-07-30	2023-07-26	pump_attendant	ardo.uche@gmail.com	8033793197	1	Male
112	Mal	Yahya	Dauda	1983-09-24	2001-09-19	manager	dauda.yahya@gmail.com	8029461401	5	Female
113	Mr	Aisha	Sale	1990-05-30	2008-05-25	pump_attendant	sale.aisha@gmail.com	8029434839	3	Male
115	Mal	Isa	Wada	1985-08-24	2003-08-20	pump_attendant	wada.isa@gmail.com	8023782013	2	Male
117	Mal	Muhammad	Nuhu	1989-01-15	2007-01-11	pump_attendant	nuhu.muhammad@gmail.com	8032366106	4	Male
118	Mal	Hadiza	Dauda	1989-05-15	2007-05-11	pump_attendant	dauda.hadiza@gmail.com	8026705728	5	Male
119	Mal	Salihu	Bappayo	1975-08-17	1993-08-12	pump_attendant	bappayo.salihu@gmail.com	8030074109	2	Male
120	Mal	Hadiza	Lawal	2003-01-02	2020-12-28	cashier_accountant	lawal.hadiza@gmail.com	8027401401	2	Male
122	Mr	Zakari	Madaki	1983-08-15	2001-08-10	pump_attendant	madaki.zakari@gmail.com	8032665022	4	Male
123	Mal	Iliya	Lawal	1977-12-04	1995-11-30	pump_attendant	lawal.iliya@gmail.com	8029469285	5	Male
124	Mal	Musa	Turaki	1991-11-21	2009-11-16	pump_attendant	turaki.musa@gmail.com	8034550131	4	Male
125	Alh.	David	Rabiu	1994-09-06	2012-09-01	pump_attendant	rabiu.david@gmail.com	8033363127	1	Male
61	Alh.	Isa	Awwal	1999-05-23	2017-05-18	driver	awwal.isa@gmail.com	8024432499	7	Female
66	Mal	Garba	Nuhu	1989-02-04	2007-01-31	driver	nuhu.garba@gmail.com	8033389268	7	Male
69	Mal	Musa	Wada	1994-07-08	2012-07-03	driver	wada.musa@gmail.com	8029412514	7	Female
94	Alh.	Isa	Nuhu	1978-04-03	1996-03-29	driver	nuhu.isa@gmail.com	8025046223	7	Female
116	Miss	Dauda	Hamman	1987-12-12	2005-12-07	pump_attendant	hamman.dauda@gmail.com	8027896795	5	Male
114	Alh.	Iliya	Madaki	1988-09-17	2006-09-13	pump_attendant	madaki.iliya@gmail.com	8033624232	5	Male
93	Mal	Mustapha	Habu	1995-02-13	2013-02-08	supervisor	habu.mustapha@gmail.com	8031264851	5	Male
92	Mal	Omar	Dauda	2005-12-17	2023-12-13	md_ceo	dauda.omar@gmail.com	8026937034	7	Female
\.


--
-- Data for Name: setup_storage; Type: TABLE DATA; Schema: public; Owner: postgres
--

COPY public.setup_storage (id, "storageDesc", capacity, branch_id, product_id) FROM stdin;
2	Tank 2	33000.00	3	1
3	Tank 3	44000.00	3	1
4	Tank 4	20000.00	5	2
5	Tank 1	12000.00	3	2
1	Tank 1	22121.00	5	1
7	East wing tank	33000.00	3	1
8	Black steal construction	20000.00	3	2
9	Solid tank	44000.00	4	1
10	3-hole tank	33000.00	5	1
12	4-hole tank	44000.00	4	1
14	2-hole tank	22000.00	1	3
15	3-hole tank	33000.00	1	1
13	2-hole tank AGO	22000.00	2	2
11	2-hole tank PMS	22000.00	2	1
\.


--
-- Data for Name: validation_customuser; Type: TABLE DATA; Schema: public; Owner: postgres
--

COPY public.validation_customuser (id, username, password, last_login, role, staff_id, is_active, is_admin, is_staff, is_superuser) FROM stdin;
30	8025506616	pbkdf2_sha256$870000$wXX4D2j8Y17WiSoa3RshOH$K+L/d52iE2dpMq00NADdwCL3SXF/4nyJxBkQLhDJF+c=	2024-11-10 17:30:24.36546+01	pump_attendant	50	t	f	f	f
4	8033275519	pbkdf2_sha256$870000$NrSPmYZ88xjeQ2SBAgfUZk$Z6y6mbP/Bl0rzBDsbZI3PTF9kyrbLRGvsvEjftb6s/M=	2024-10-29 23:17:12.828567+01	pump_attendant	23	t	f	f	f
5	8029999184	pbkdf2_sha256$870000$MmXB5XchWSg3cw79poa13a$B5z1hUYmqQkVPTOKXSrgGoMjkWLkqI1UGao+xuoZW/s=	2024-10-29 23:17:51.33937+01	pump_attendant	37	t	f	f	f
7	8026666813	pbkdf2_sha256$870000$6pfB8St0Ofid9nkCuomqHO$WTNH+C/CCWexkhqCMZ9XCsCPQ4dSo0Z7E5003xA9Sec=	2024-10-29 23:25:10.657908+01	manager	22	t	f	f	f
8	8029461401	pbkdf2_sha256$870000$mBwhI5NPZfaDbyGKe2vfph$VI8/ql3zyzvn7SotteydQoI6nerC/YE8b/wrn7qVSXU=	2024-10-29 23:27:02.452604+01	manager	112	t	f	f	f
9	8025811780	pbkdf2_sha256$870000$KBV7ZF8daRLYcVplhM6Efn$FTGFG3kyYcMZhPAKU5onMgzyh2ugxhHOE5ReWfkBEkg=	2024-10-29 23:30:42.04158+01	manager	89	t	f	f	f
10	8030276237	pbkdf2_sha256$870000$IPscIasxi9aiLGCP5YE4ox$KNGr/jNn7PgLuF3RsyTTbGHBZFJXSoTk1575C9ot9SE=	2024-10-29 23:32:18.537837+01	manager	36	t	f	f	f
11	8023104942	pbkdf2_sha256$870000$io9AS3EWPW06N0eenu7lpY$aj5H2UTdWXjKNZQTuLSNEtN0S8getxqAAsGlaFFEkJs=	2024-11-11 15:33:04.266686+01	manager	44	t	f	f	f
12	8026937034	pbkdf2_sha256$870000$rNRsWl7E7boZn2ZVcMQ3h4$FoTKGhb9IAiRdog3I1WHde169GNsAIbO1++OXrWhtCE=	2024-10-29 23:35:21.019431+01	md_ceo	92	t	f	f	f
6	8034634106	pbkdf2_sha256$870000$4EGQnCFKZm6fxIxa36GBoN$Q+jJAMHOt5Blrk490bliGz2gw3Z1ZLc18rGeILmSe5E=	2024-11-01 17:33:05.730433+01	supervisor	40	t	f	f	f
32	8031291863	pbkdf2_sha256$870000$wrxowWP2Z2krhfcnbJQu2J$9Px/vl9znKZg2iFYYH7vqxjUh7shEugJeQgJb/la4yg=	2024-11-10 17:33:43.68556+01	pump_attendant	54	t	f	f	f
18	8027178423	pbkdf2_sha256$870000$DYdWPIi7YcDafFoyY0cAKF$iQMxBraJprVipzvZIJyADbCOOCzzrQpeEVZh9w3feWg=	2024-11-02 13:33:41.655681+01	supervisor	77	t	f	f	f
19	8031264851	pbkdf2_sha256$870000$qBz3V2tO3GskyI4ITioouf$bvX2xxzRg+dSlSIyVsmL9pqyVPSSr4bsK7MtaCvmJGE=	2024-11-02 13:35:40.258573+01	supervisor	93	t	f	f	f
20	8025723063	pbkdf2_sha256$870000$bw3bIwBqbZoouedg2cByYv$VXwqdG1H6SjPDYnWJKlRtv8mqPW6PC2bwwim6gWp+dM=	2024-11-02 13:36:46.885535+01	supervisor	42	t	f	f	f
33	8034807659	pbkdf2_sha256$870000$P9oc866JFIDRaivCvg7ok0$fs9ynb7EKkUFMjl9UQICHkJDpDWqUhmP7KDSaFb+9rQ=	2024-11-10 17:34:23.47142+01	pump_attendant	65	t	f	f	f
22	8023346078	pbkdf2_sha256$870000$d246dfXg6BnLgT8W1VqXxu$eIGsMRrdWYv6gHYSMx+UwZXdpYua8+wJUKH1PrO9WNY=	2024-11-02 13:39:03.210743+01	supervisor	24	t	f	f	f
34	8030439175	pbkdf2_sha256$870000$SH62JnhxD3i5xDobUDqlLT$ktH11MGiFiHWZllHeaQGugxdFw4+yxI5Wl25w06ITjs=	2024-11-10 17:35:01.001144+01	pump_attendant	71	t	f	f	f
35	8027534616	pbkdf2_sha256$870000$u4uYGf5a23vv6LT4EZfyrv$7X2bomec8iMtUJ8QisIRJM/F8c2WlK3k04d6qlZoByk=	2024-11-10 17:36:44.616576+01	pump_attendant	73	t	f	f	f
21	8032781681	pbkdf2_sha256$870000$cZpEhFAhDpM62OC7Ej0wbq$RuoT3HqXhsu/HyET8b0Un/byHm/ULlarfradoABnT4Q=	2024-11-05 15:24:50.027639+01	supervisor	26	t	f	f	f
31	8030164880	pbkdf2_sha256$870000$dcWbrejl9rABYEviTusrhe$NuxTxSwEcOA6Vr2j24mhsc7TE+G7egJCCJh/aY2RuzE=	2024-11-10 23:45:34.151205+01	pump_attendant	39	t	f	f	f
3	8023462830	pbkdf2_sha256$870000$XsGyU6gkhw4xuRUJTFiAxd$kXWvFEHfHqyTo2izQB2BOUeprCyZakqHOBRpZj1FovU=	2024-11-08 14:31:52.567043+01	pump_attendant	34	t	f	f	f
36	8031374134	pbkdf2_sha256$870000$XAQS7R1t5UTMX7HESmmfyF$We0IAb5D2cMmN+uIZqPvUY+9ITiqEkC6YsXEhG0y3fQ=	2024-11-10 17:37:53.647348+01	pump_attendant	74	t	f	f	f
23	8027401401	pbkdf2_sha256$870000$teKzbyKOZdVUDHJ6fNbbd3$3a9g/8eOvBUPw8YiLxZeVpKZv/1j9EPpsu/kUeBEERo=	2024-11-10 15:20:46.452155+01	cashier_accountant	120	t	f	f	f
25	8022387123	pbkdf2_sha256$870000$SZ1l7RGCHefzwp1DuPzr9V$a51YpzdXoR4NUj14XRzFS6GSou+TGEt4cW+0OYD46tE=	2024-11-10 15:35:22.340965+01	cashier_accountant	52	t	f	f	f
27	8023149770	pbkdf2_sha256$870000$llVhXKZR8xOGDtyyIoe6dp$eTT+ap2cr1pynrF3trz6fF04hnx5bWpSJVwQI3QOZ5s=	2024-11-10 15:38:03.581867+01	cashier_accountant	51	t	f	f	f
28	8025898017	pbkdf2_sha256$870000$BdudWepj611k0gNlOrdsQI$JO3wY8qJAGg3Ddh+RCZCRHFQC8ylRyqAAViGVLfc48s=	2024-11-10 17:03:28.839931+01	cashier_accountant	30	t	f	f	f
29	8029994968	pbkdf2_sha256$870000$nrbWzKJk1ASWjdbCfy2TRU$aK+Z6RpNz7CzafLUCPxcHxYa/vngthvjAMRs4FNvsbM=	2024-11-10 17:27:12.770646+01	cashier_accountant	35	t	f	f	f
37	8030860910	pbkdf2_sha256$870000$uSbasEX1apljWQSUC6xLtJ$04bM6C10ZajONIfclO8eNZ4SR3JWKBEXjeBeTgu4QBA=	2024-11-10 17:38:51.933996+01	pump_attendant	79	t	f	f	f
38	8023238848	pbkdf2_sha256$870000$wHX5D1QKglSiwIqcy3zCPp$3HauX14TyPzKDd/4ft1RsQs+89X7HJvQhVC7tcx5S/A=	2024-11-10 17:39:26.024264+01	pump_attendant	82	t	f	f	f
39	8029285803	pbkdf2_sha256$870000$SxR8X17O82J6KCzx99MuF7$/bDhNKg2RHNpsue20S6jN+LlbGDsnfBCLCb7jHiSQZ4=	2024-11-10 17:41:03.761977+01	pump_attendant	97	t	f	f	f
40	8034861108	pbkdf2_sha256$870000$4F2UH4Q03HUFfy61JOZa55$9mgOAKTWeZKVPN0TdeeBgED5guj5lkINNz6/fB95fZM=	2024-11-10 17:41:45.133221+01	pump_attendant	98	t	f	f	f
41	8033193294	pbkdf2_sha256$870000$77L9usaj4lJW6EZB0awA7t$ekZg6lqw9uFTitC+xP5WiHTThURpVIQ3loFeqzgPQlc=	2024-11-10 17:42:17.253525+01	pump_attendant	105	t	f	f	f
42	8031616839	pbkdf2_sha256$870000$a9nyX9DeBEmXegsSKHi4Af$oQCa+adXM/qFa24iMlcIdXHIRmegA5yMsrpXA/N9sAY=	2024-11-10 17:43:07.954466+01	pump_attendant	107	t	f	f	f
43	8033793197	pbkdf2_sha256$870000$N7pPhhlyGdPR3oqIxknlKf$DLoqYWyBBfzWOd1a1W0empLYSi32Q68VozmdJeP0LEI=	2024-11-10 17:43:55.171019+01	pump_attendant	111	t	f	f	f
44	8033363127	pbkdf2_sha256$870000$866WsoysKcVmtil9cpxskN$WsJRoEGwPw/aoDWk5O/hoVCBADYjWAUpRSGlght4dzM=	2024-11-10 17:44:19.643024+01	pump_attendant	125	t	f	f	f
45	8030471277	pbkdf2_sha256$870000$Efx6YbkObFFOp0T9V2oL4x$P0jGPVyBb5uqMop43DAv3cELEGxUydbSo9ennQKj29w=	2024-11-10 17:46:19.77944+01	pump_attendant	29	t	f	f	f
47	8031727547	pbkdf2_sha256$870000$2qZeUuhWSfrlWoY0j5bsqR$zqvt1ahphkizZ7N32OtrvcYrcoA+s1jwx9qigLXUHWg=	2024-11-10 17:48:27.978813+01	pump_attendant	38	t	f	f	f
48	8022564654	pbkdf2_sha256$870000$H1zRVdDEtqW1cRviqzac4X$AArzPhu3OKJF+7pBADrzq9wj78QXjulqeLjBvoXDg+0=	2024-11-10 17:48:59.464754+01	pump_attendant	45	t	f	f	f
49	8028011713	pbkdf2_sha256$870000$jZAIZNngB7DmRD80cyCZDI$qMvSLNQQnieonZk4H6454n34R2oIhfX2hRwaOe38Ngc=	2024-11-10 17:49:47.230538+01	pump_attendant	49	t	f	f	f
50	8024189432	pbkdf2_sha256$870000$PAgbki2Dvp4NmHXOefEBmd$JuOYt8H2uB8DoRVH710SmOqILkEg4dEPinEkS5pj2GE=	2024-11-10 17:50:09.077458+01	pump_attendant	62	t	f	f	f
17	8035214724	pbkdf2_sha256$870000$xX41ClxjaGKGy4u7a9ilQ9$ZY20R/RMSqd5ykUCEHAjGrrdKYm1T76EAbEvLlvHoO0=	2024-11-11 15:26:18.674483+01	Others	1	t	t	t	t
51	8030215455	pbkdf2_sha256$870000$fisqQfXh0oaqygXFQ891fk$SeP9SLpteCMu/jX/W6TgvfyIst0wH+pzr/T6Jd/twQo=	2024-11-10 17:50:39.044242+01	pump_attendant	64	t	f	f	f
52	8024643634	pbkdf2_sha256$870000$nSq3NZqmCibMgiUhFPrmPZ$ogSkMMoZFcXRHeFpxDJ2OguAywOUWF+dCDRuo++c1Qk=	2024-11-10 17:51:09.05724+01	pump_attendant	72	t	f	f	f
53	8023328978	pbkdf2_sha256$870000$Nma4bW8dzSy5QUEmwg0WKU$nHNBWFMh/eEjHpZCANi7aiKoFcAcUyN5dgMe80hStDM=	2024-11-10 17:52:01.241252+01	pump_attendant	75	t	f	f	f
54	8027804536	pbkdf2_sha256$870000$oL7XrIoGYxfFuBqPUa7Fdq$RWC9Azu/ECRRA9RFhqGuBsHZrEaIf2K68LztuKxjaUk=	2024-11-10 17:52:40.092189+01	pump_attendant	78	t	f	f	f
55	8029803311	pbkdf2_sha256$870000$rDtRKpQQHISkv3m6EGiSd8$daczSJy7zygnK9bD1/86yvalC346SNFks8tR1izZ7FA=	2024-11-10 17:53:13.104647+01	pump_attendant	84	t	f	f	f
56	8031285678	pbkdf2_sha256$870000$qCH2o16a2OZC5O6V6eEyMt$NeOMeWVkNoypog+kvJC4+oLwYknRrJhlTOInhPbCcPQ=	2024-11-10 17:53:33.866229+01	pump_attendant	86	t	f	f	f
57	8029696151	pbkdf2_sha256$870000$9krHypmngTyBSUYAndkPdm$lAwiPZmmOu98VyvN7w8PEzcy1bzjeCET9Nwo23bZhKI=	2024-11-10 17:55:16.727359+01	pump_attendant	95	t	f	f	f
58	8023782013	pbkdf2_sha256$870000$aBPS8eEb3rKoKxMwafl3mC$TsWKwLvosap5/xl0cEqWNrNH/Diyy0v9N+OCIJALo4w=	2024-11-10 17:55:43.563704+01	pump_attendant	115	t	f	f	f
59	8030074109	pbkdf2_sha256$870000$EyfrAFh322UNZijx6QHWxN$FrvW83zPRlgwgKYCz3n4CWvdKOa/X586VfIXrUg+PNQ=	2024-11-10 17:56:20.569083+01	pump_attendant	119	t	f	f	f
62	8024380822	pbkdf2_sha256$870000$TScWIpZodoMUqCkpvK6INh$MDkKAcY+ZwR57rJiKXSbCcNRk7AmZ8g6+C1s9a7vnps=	2024-11-10 18:01:07.005573+01	pump_attendant	47	t	f	f	f
63	8034022564	pbkdf2_sha256$870000$qxZivCNR35T5EqnKu4bHLr$hVK3HWmPAoRE+FsBuXHLwMlIQ02IKzaa1acOTC1bcUg=	2024-11-10 18:02:00.983299+01	pump_attendant	53	t	f	f	f
64	8023506032	pbkdf2_sha256$870000$f9GjiBK1AJA4sVecd587yu$e/Pi4WDa72X4o/4JTVg6zd6tqW24nFBvHHHeAdzoYSM=	2024-11-10 18:03:38.989362+01	pump_attendant	58	t	f	f	f
65	8032578918	pbkdf2_sha256$870000$VbYm1EpjgLbp09sk4g3MfU$97T8sVycgQdT3UdikFCJaK/RGmkhN6Zsxpl8Dvq2ork=	2024-11-10 18:04:16.502808+01	pump_attendant	67	t	f	f	f
66	8032353864	pbkdf2_sha256$870000$5XUvqzp35koUfjOP17kbQz$oXHL1XCB2N2njehH/OSQj+PbHnpP5VZwfoVuvZCD+Rs=	2024-11-10 18:04:43.587143+01	pump_attendant	68	t	f	f	f
67	8027944680	pbkdf2_sha256$870000$1MvIEYKBLIVkEwBP50szht$x/5AJR5LPsXFaDLB+61MiTkClDHv5b/6sh3VMeIcyLM=	2024-11-10 18:05:08.695663+01	pump_attendant	70	t	f	f	f
68	8026661416	pbkdf2_sha256$870000$Ufl1BmBtIYXk4AMOky8fzf$I69MuPskEK1sycV14OuhTgg5/P8qBbUMIqPqilOPn24=	2024-11-10 18:05:35.938027+01	pump_attendant	76	t	f	f	f
69	8024882128	pbkdf2_sha256$870000$hRMeUDt57qkbp4y2zp3Lcz$Z5uQB3OwgUbCh0T4kzjEferRAVuTpoMRb47mIdk3t7E=	2024-11-10 18:06:38.953875+01	pump_attendant	80	t	f	f	f
70	8024267425	pbkdf2_sha256$870000$TvZnWWSpkGYsKZJJUGbXcV$KSQGggGG53H+sYOJqS9SEHmkyCVBBaEHeXZHrC2nc+Y=	2024-11-10 18:07:08.017166+01	pump_attendant	83	t	f	f	f
71	8029536389	pbkdf2_sha256$870000$mtYikExlAVQurjE58cPvP9$WNbgKPvwtpUu/oZnriNxGsqmUYCuRGS7Jifpi2+B7AI=	2024-11-10 18:08:32.711812+01	pump_attendant	88	t	f	f	f
72	8022971107	pbkdf2_sha256$870000$sK99nRhVHC2AqqHciBxl68$kPyFofIHqLTW2rr9/8urUCTCGjlHBuDljWtu6y898ho=	2024-11-10 18:08:59.373602+01	pump_attendant	90	t	f	f	f
73	8024146035	pbkdf2_sha256$870000$ECMVRMtNVMTINAHD1Vk018$SGYLL9Rk646zBNg8G0WiaydbiCapQ5OY3dKILOtvf2c=	2024-11-10 18:10:09.351233+01	pump_attendant	104	t	f	f	f
74	8029702017	pbkdf2_sha256$870000$sRkhowF5caivQjzpB045Ow$y6IunTIj0Cv+edKILQKr/7T4eEScfTWGy885o4J1pZQ=	2024-11-10 18:10:30.916792+01	pump_attendant	108	t	f	f	f
75	8026780251	pbkdf2_sha256$870000$EUolK8PDCNGjiq2NHZEQ0b$gkBc9RSt8Ziw0FAQI25QNjGb8XY4wwCERvuS6Ka9HD8=	2024-11-10 18:11:02.188411+01	pump_attendant	109	t	f	f	f
76	8023333656	pbkdf2_sha256$870000$vdWNplYephXzBtFQpcs5Qn$HI3ek/GngUI1zD3KN3U6TbE4l+EO9j8CHOJiSnBQGJo=	2024-11-10 18:11:24.94576+01	pump_attendant	110	t	f	f	f
77	8029434839	pbkdf2_sha256$870000$mGSEc4xWjPPeqDVGPtjYax$b3vN+05RIXb64niVbEAnk7RWbHvbi3l0MsBOSlKTz5o=	2024-11-10 18:11:46.521739+01	pump_attendant	113	t	f	f	f
81	8033980916	pbkdf2_sha256$870000$e0v1JYKCWByxChLbfysPFZ$M5ycqYopyZns7lRWZiOvbgp6LLFvoi8Bj3uJKvE4Zkc=	2024-11-10 21:32:10.971248+01	pump_attendant	25	t	f	f	f
82	8031072358	pbkdf2_sha256$870000$h83dKKwZmH9JDlJtw9xiRK$6dmZlDNvfCEKSuOHK0+gE6/U0YdYeGDZ84SE/sjA8GU=	2024-11-10 21:32:51.145032+01	pump_attendant	28	t	f	f	f
83	8031275149	pbkdf2_sha256$870000$QYOcxHyGp5wBbo61PdjIka$8026kChL+Eko6+QlMBlgErSEVtRWJiSAwW5j6XAErs4=	2024-11-10 21:33:31.655934+01	pump_attendant	32	t	f	f	f
84	8023541175	pbkdf2_sha256$870000$I76A0E3tDh0YbjtT7hW5AL$3sHAD0Uevl1NAJxn/LiTgG5RpDcUSSlVF1UAHzSy6CE=	2024-11-10 21:34:15.990638+01	pump_attendant	33	t	f	f	f
85	8033762212	pbkdf2_sha256$870000$NgWBPM0YNzGry8XrlSzZgV$kk39dunyIYMNKaGmtp5TfFFHQuXSEtiBymqx8KMGutA=	2024-11-10 21:34:35.21376+01	pump_attendant	48	t	f	f	f
86	8027646311	pbkdf2_sha256$870000$IjbtEAA2P991G5g1JszPD9$PKOZRkxV+N361Eepbu0Fof6wocsuCXUvlJwuYPDERN0=	2024-11-10 21:35:47.69976+01	pump_attendant	57	t	f	f	f
87	8030638001	pbkdf2_sha256$870000$phgrwaqAKI3XE8HPS2Ba8d$zdqu1J1r3HnbDumiuJi6JPdbxkycrDkLm7yMToPl6xY=	2024-11-10 21:36:21.065184+01	pump_attendant	60	t	f	f	f
88	8027725629	pbkdf2_sha256$870000$hTtjdM5t9IeJsn3OfUez7p$KfsraqEvaxRORYbwkYKGH/KB4kL9/EVRyUKuHEFr+Gk=	2024-11-10 21:37:31.818963+01	pump_attendant	85	t	f	f	f
89	8026165504	pbkdf2_sha256$870000$q79sUDkxKm9EByfrJQT48u$09A7jZsXBStbGk866YDPA34FXab0luBPj+LNocTnboI=	2024-11-10 21:38:03.497923+01	pump_attendant	87	t	f	f	f
90	8033464266	pbkdf2_sha256$870000$254W4tp98i43b7xOFjZvxQ$KjnEBSSxfWuwy6bovJugGEfY/iitFiF9ODQN63J29wM=	2024-11-10 21:38:28.986438+01	pump_attendant	99	t	f	f	f
91	8022659382	pbkdf2_sha256$870000$YODaTHjNVkclKKY7wyTm8n$MWGdklo023qtRRJ61cBb6RSxnRgza2w1YPNCRRGFbJo=	2024-11-10 21:38:58.990397+01	pump_attendant	101	t	f	f	f
92	8032965626	pbkdf2_sha256$870000$vjvly1Lho5fpy4raImqeSD$grnShESmGurXxhsrtJ/0P1llVRXi3HC1GynONgbk5Qc=	2024-11-10 21:39:21.777634+01	pump_attendant	106	t	f	f	f
93	8032366106	pbkdf2_sha256$870000$ncbIR5LeGs6nskfcyIi05x$bo2UdP6QJ64TVo0TxTOfrh95TIX4YZOEWv/3vXFeVOs=	2024-11-10 21:39:47.015815+01	pump_attendant	117	t	f	f	f
94	8032665022	pbkdf2_sha256$870000$1d8nWxVuU0gfEE6MJJBr0f$AHnSCkFUjgsQY8xWjFogUC5VW8ccHrXnsCTx4Heql0U=	2024-11-10 21:40:27.230471+01	pump_attendant	122	t	f	f	f
95	8034550131	pbkdf2_sha256$870000$q8gkJ56qs3WjY0iOlRjwoA$BCiai6Q/3oMKqCBbwtMiFmgqBicEZf2B/AaH86fbWK0=	2024-11-10 21:40:51.806332+01	pump_attendant	124	t	f	f	f
96	8023456712	pbkdf2_sha256$870000$Ewtv5hA65Kng8iqB4BEFlm$Vw3++/arOptbzMqK5ElDHc9YSZtySoZUbPmeGfq8D5A=	2024-11-10 21:42:19.184009+01	pump_attendant	2	t	f	f	f
98	8035039548	pbkdf2_sha256$870000$tLzVEP4YaGwDeWe6zwhWt9$V8pJFIJepE4fT+vhET2az6XQIBPJVXFzcK0bW5WzW38=	2024-11-10 21:43:38.074085+01	pump_attendant	27	t	f	f	f
102	8033386237	pbkdf2_sha256$870000$boFxr6d42Bnl4rCcFMrGmg$AzCTsww/gKNJ8X65kJkDBZlxdUnvzfq/bS1vVhde8sA=	2024-11-10 21:48:35.068998+01	pump_attendant	41	t	f	f	f
103	8026875497	pbkdf2_sha256$870000$gWtgiCNffzQHygKZHxfEB1$Uy1Jqd+gDSVAL6wotbrTHruldudE733lNk9bXZIIu7w=	2024-11-10 21:48:59.111278+01	pump_attendant	46	t	f	f	f
104	8023150268	pbkdf2_sha256$870000$cmyqiOvFe2ILTXRulHc1ws$PK736Xo6cSzZKW1M48IDSLFyF+aYjn/1oQo2bmcaRWM=	2024-11-10 21:49:24.381946+01	pump_attendant	56	t	f	f	f
105	8033965391	pbkdf2_sha256$870000$W0vrVtgXxMP5oASfVRupyV$ADcYVH7I/aiHg8ir/oag92KGKMtofs7CbfVczzPYV/8=	2024-11-10 21:53:12.283018+01	pump_attendant	91	t	f	f	f
106	8027400097	pbkdf2_sha256$870000$Hfd7AJD76GiALzSf8rsMh7$s2479CTO7Zt5Hac3tD2OwFi6/AVffWYO6+PV+PUl66A=	2024-11-10 21:54:29.466347+01	pump_attendant	96	t	f	f	f
107	8034608160	pbkdf2_sha256$870000$Za6XhS9CTHms5qblQWNxHR$zNE/Aix3ucLLmvkxMaUkWDRX91V8z7P9o9Ordq9rMPQ=	2024-11-10 21:55:14.279018+01	pump_attendant	100	t	f	f	f
108	8033624232	pbkdf2_sha256$870000$KVHBhpWtLCUKoKUiJGFqCm$FM1OIrpcCXLptjoGqEjKX0B9x5xxea4a80zcYUgsg2Q=	2024-11-10 21:55:50.577483+01	pump_attendant	114	t	f	f	f
109	8027896795	pbkdf2_sha256$870000$9OtenmxXC1uytVWxL57j0Q$TkGxjAIrsCkRxyhWQS2S8ZsDXvyjbckUO2hNYMHzqmo=	2024-11-10 21:56:52.759764+01	pump_attendant	116	t	f	f	f
110	8026705728	pbkdf2_sha256$870000$n5rmj7YQEKhTKqz4Yqec1E$qXGcBFIQDTOpOOQthZNOSKUMx1YNg/hV5Gm31YyNK18=	2024-11-10 21:57:31.538993+01	pump_attendant	118	t	f	f	f
111	8029469285	pbkdf2_sha256$870000$uVVINSnDq3tttiNCvIdI3M$eY4Vhxm6TXdPf1kTEiOAU3T9Ghv0uRvOjORuZlxv5nM=	2024-11-10 21:57:55.702924+01	pump_attendant	123	t	f	f	f
99	8026490042	pbkdf2_sha256$870000$HTW4me8gS2Bd5CaTutlgEp$c3okt1pWZr99GFq6a8909xxWcXqu2NzGf+yR0g4fQ+w=	2024-11-12 15:24:52.656551+01	pump_attendant	31	t	f	f	f
\.


--
-- Data for Name: validation_users_groups; Type: TABLE DATA; Schema: public; Owner: postgres
--

COPY public.validation_users_groups (id, users_id, group_id) FROM stdin;
\.


--
-- Data for Name: validation_users_user_permissions; Type: TABLE DATA; Schema: public; Owner: postgres
--

COPY public.validation_users_user_permissions (id, users_id, permission_id) FROM stdin;
\.


--
-- Name: authUser_user_groups_id_seq; Type: SEQUENCE SET; Schema: public; Owner: postgres
--

SELECT pg_catalog.setval('public."authUser_user_groups_id_seq"', 1, false);


--
-- Name: authUser_user_id_seq; Type: SEQUENCE SET; Schema: public; Owner: postgres
--

SELECT pg_catalog.setval('public."authUser_user_id_seq"', 10, true);


--
-- Name: authUser_user_user_permissions_id_seq; Type: SEQUENCE SET; Schema: public; Owner: postgres
--

SELECT pg_catalog.setval('public."authUser_user_user_permissions_id_seq"', 1, false);


--
-- Name: auth_group_id_seq; Type: SEQUENCE SET; Schema: public; Owner: postgres
--

SELECT pg_catalog.setval('public.auth_group_id_seq', 1, false);


--
-- Name: auth_group_permissions_id_seq; Type: SEQUENCE SET; Schema: public; Owner: postgres
--

SELECT pg_catalog.setval('public.auth_group_permissions_id_seq', 1, false);


--
-- Name: auth_permission_id_seq; Type: SEQUENCE SET; Schema: public; Owner: postgres
--

SELECT pg_catalog.setval('public.auth_permission_id_seq', 100, true);


--
-- Name: auth_user_groups_id_seq; Type: SEQUENCE SET; Schema: public; Owner: postgres
--

SELECT pg_catalog.setval('public.auth_user_groups_id_seq', 1, false);


--
-- Name: auth_user_id_seq; Type: SEQUENCE SET; Schema: public; Owner: postgres
--

SELECT pg_catalog.setval('public.auth_user_id_seq', 1, true);


--
-- Name: auth_user_user_permissions_id_seq; Type: SEQUENCE SET; Schema: public; Owner: postgres
--

SELECT pg_catalog.setval('public.auth_user_user_permissions_id_seq', 1, false);


--
-- Name: authentication_login_id_seq; Type: SEQUENCE SET; Schema: public; Owner: postgres
--

SELECT pg_catalog.setval('public.authentication_login_id_seq', 1, false);


--
-- Name: authentication_user_id_seq; Type: SEQUENCE SET; Schema: public; Owner: postgres
--

SELECT pg_catalog.setval('public.authentication_user_id_seq', 1, false);


--
-- Name: django_admin_log_id_seq; Type: SEQUENCE SET; Schema: public; Owner: postgres
--

SELECT pg_catalog.setval('public.django_admin_log_id_seq', 52, true);


--
-- Name: django_content_type_id_seq; Type: SEQUENCE SET; Schema: public; Owner: postgres
--

SELECT pg_catalog.setval('public.django_content_type_id_seq', 25, true);


--
-- Name: django_migrations_id_seq; Type: SEQUENCE SET; Schema: public; Owner: postgres
--

SELECT pg_catalog.setval('public.django_migrations_id_seq', 68, true);


--
-- Name: inventory_inventory_id_seq; Type: SEQUENCE SET; Schema: public; Owner: postgres
--

SELECT pg_catalog.setval('public.inventory_inventory_id_seq', 17, true);


--
-- Name: inventory_inventorysnapshot_id_seq; Type: SEQUENCE SET; Schema: public; Owner: postgres
--

SELECT pg_catalog.setval('public.inventory_inventorysnapshot_id_seq', 1, false);


--
-- Name: sales_sales_id_seq; Type: SEQUENCE SET; Schema: public; Owner: postgres
--

SELECT pg_catalog.setval('public.sales_sales_id_seq', 1, false);


--
-- Name: sales_shift_id_seq; Type: SEQUENCE SET; Schema: public; Owner: postgres
--

SELECT pg_catalog.setval('public.sales_shift_id_seq', 32, true);


--
-- Name: setup_branch_id_seq; Type: SEQUENCE SET; Schema: public; Owner: postgres
--

SELECT pg_catalog.setval('public.setup_branch_id_seq', 7, true);


--
-- Name: setup_price_id_seq; Type: SEQUENCE SET; Schema: public; Owner: postgres
--

SELECT pg_catalog.setval('public.setup_price_id_seq', 4, true);


--
-- Name: setup_product_id_seq; Type: SEQUENCE SET; Schema: public; Owner: postgres
--

SELECT pg_catalog.setval('public.setup_product_id_seq', 4, true);


--
-- Name: setup_pump_id_seq; Type: SEQUENCE SET; Schema: public; Owner: postgres
--

SELECT pg_catalog.setval('public.setup_pump_id_seq', 91, true);


--
-- Name: setup_staff_id_seq; Type: SEQUENCE SET; Schema: public; Owner: postgres
--

SELECT pg_catalog.setval('public.setup_staff_id_seq', 126, true);


--
-- Name: setup_storage_id_seq; Type: SEQUENCE SET; Schema: public; Owner: postgres
--

SELECT pg_catalog.setval('public.setup_storage_id_seq', 15, true);


--
-- Name: validation_users_groups_id_seq; Type: SEQUENCE SET; Schema: public; Owner: postgres
--

SELECT pg_catalog.setval('public.validation_users_groups_id_seq', 1, false);


--
-- Name: validation_users_id_seq; Type: SEQUENCE SET; Schema: public; Owner: postgres
--

SELECT pg_catalog.setval('public.validation_users_id_seq', 111, true);


--
-- Name: validation_users_user_permissions_id_seq; Type: SEQUENCE SET; Schema: public; Owner: postgres
--

SELECT pg_catalog.setval('public.validation_users_user_permissions_id_seq', 1, false);


--
-- Name: authUser_user_groups authUser_user_groups_pkey; Type: CONSTRAINT; Schema: public; Owner: postgres
--

ALTER TABLE ONLY public."authUser_user_groups"
    ADD CONSTRAINT "authUser_user_groups_pkey" PRIMARY KEY (id);


--
-- Name: authUser_user_groups authUser_user_groups_user_id_group_id_8267bb81_uniq; Type: CONSTRAINT; Schema: public; Owner: postgres
--

ALTER TABLE ONLY public."authUser_user_groups"
    ADD CONSTRAINT "authUser_user_groups_user_id_group_id_8267bb81_uniq" UNIQUE (user_id, group_id);


--
-- Name: authUser_user authUser_user_phone_number_key; Type: CONSTRAINT; Schema: public; Owner: postgres
--

ALTER TABLE ONLY public."authUser_user"
    ADD CONSTRAINT "authUser_user_phone_number_key" UNIQUE (phone_number);


--
-- Name: authUser_user authUser_user_pkey; Type: CONSTRAINT; Schema: public; Owner: postgres
--

ALTER TABLE ONLY public."authUser_user"
    ADD CONSTRAINT "authUser_user_pkey" PRIMARY KEY (id);


--
-- Name: authUser_user_user_permissions authUser_user_user_permi_user_id_permission_id_c0f6967d_uniq; Type: CONSTRAINT; Schema: public; Owner: postgres
--

ALTER TABLE ONLY public."authUser_user_user_permissions"
    ADD CONSTRAINT "authUser_user_user_permi_user_id_permission_id_c0f6967d_uniq" UNIQUE (user_id, permission_id);


--
-- Name: authUser_user_user_permissions authUser_user_user_permissions_pkey; Type: CONSTRAINT; Schema: public; Owner: postgres
--

ALTER TABLE ONLY public."authUser_user_user_permissions"
    ADD CONSTRAINT "authUser_user_user_permissions_pkey" PRIMARY KEY (id);


--
-- Name: auth_group auth_group_name_key; Type: CONSTRAINT; Schema: public; Owner: postgres
--

ALTER TABLE ONLY public.auth_group
    ADD CONSTRAINT auth_group_name_key UNIQUE (name);


--
-- Name: auth_group_permissions auth_group_permissions_group_id_permission_id_0cd325b0_uniq; Type: CONSTRAINT; Schema: public; Owner: postgres
--

ALTER TABLE ONLY public.auth_group_permissions
    ADD CONSTRAINT auth_group_permissions_group_id_permission_id_0cd325b0_uniq UNIQUE (group_id, permission_id);


--
-- Name: auth_group_permissions auth_group_permissions_pkey; Type: CONSTRAINT; Schema: public; Owner: postgres
--

ALTER TABLE ONLY public.auth_group_permissions
    ADD CONSTRAINT auth_group_permissions_pkey PRIMARY KEY (id);


--
-- Name: auth_group auth_group_pkey; Type: CONSTRAINT; Schema: public; Owner: postgres
--

ALTER TABLE ONLY public.auth_group
    ADD CONSTRAINT auth_group_pkey PRIMARY KEY (id);


--
-- Name: auth_permission auth_permission_content_type_id_codename_01ab375a_uniq; Type: CONSTRAINT; Schema: public; Owner: postgres
--

ALTER TABLE ONLY public.auth_permission
    ADD CONSTRAINT auth_permission_content_type_id_codename_01ab375a_uniq UNIQUE (content_type_id, codename);


--
-- Name: auth_permission auth_permission_pkey; Type: CONSTRAINT; Schema: public; Owner: postgres
--

ALTER TABLE ONLY public.auth_permission
    ADD CONSTRAINT auth_permission_pkey PRIMARY KEY (id);


--
-- Name: auth_user_groups auth_user_groups_pkey; Type: CONSTRAINT; Schema: public; Owner: postgres
--

ALTER TABLE ONLY public.auth_user_groups
    ADD CONSTRAINT auth_user_groups_pkey PRIMARY KEY (id);


--
-- Name: auth_user_groups auth_user_groups_user_id_group_id_94350c0c_uniq; Type: CONSTRAINT; Schema: public; Owner: postgres
--

ALTER TABLE ONLY public.auth_user_groups
    ADD CONSTRAINT auth_user_groups_user_id_group_id_94350c0c_uniq UNIQUE (user_id, group_id);


--
-- Name: auth_user auth_user_pkey; Type: CONSTRAINT; Schema: public; Owner: postgres
--

ALTER TABLE ONLY public.auth_user
    ADD CONSTRAINT auth_user_pkey PRIMARY KEY (id);


--
-- Name: auth_user_user_permissions auth_user_user_permissions_pkey; Type: CONSTRAINT; Schema: public; Owner: postgres
--

ALTER TABLE ONLY public.auth_user_user_permissions
    ADD CONSTRAINT auth_user_user_permissions_pkey PRIMARY KEY (id);


--
-- Name: auth_user_user_permissions auth_user_user_permissions_user_id_permission_id_14a6b632_uniq; Type: CONSTRAINT; Schema: public; Owner: postgres
--

ALTER TABLE ONLY public.auth_user_user_permissions
    ADD CONSTRAINT auth_user_user_permissions_user_id_permission_id_14a6b632_uniq UNIQUE (user_id, permission_id);


--
-- Name: auth_user auth_user_username_key; Type: CONSTRAINT; Schema: public; Owner: postgres
--

ALTER TABLE ONLY public.auth_user
    ADD CONSTRAINT auth_user_username_key UNIQUE (username);


--
-- Name: authentication_login authentication_login_pkey; Type: CONSTRAINT; Schema: public; Owner: postgres
--

ALTER TABLE ONLY public.authentication_login
    ADD CONSTRAINT authentication_login_pkey PRIMARY KEY (id);


--
-- Name: authentication_user authentication_user_pkey; Type: CONSTRAINT; Schema: public; Owner: postgres
--

ALTER TABLE ONLY public.authentication_user
    ADD CONSTRAINT authentication_user_pkey PRIMARY KEY (id);


--
-- Name: authentication_user authentication_user_username_key; Type: CONSTRAINT; Schema: public; Owner: postgres
--

ALTER TABLE ONLY public.authentication_user
    ADD CONSTRAINT authentication_user_username_key UNIQUE (username);


--
-- Name: django_admin_log django_admin_log_pkey; Type: CONSTRAINT; Schema: public; Owner: postgres
--

ALTER TABLE ONLY public.django_admin_log
    ADD CONSTRAINT django_admin_log_pkey PRIMARY KEY (id);


--
-- Name: django_content_type django_content_type_app_label_model_76bd3d3b_uniq; Type: CONSTRAINT; Schema: public; Owner: postgres
--

ALTER TABLE ONLY public.django_content_type
    ADD CONSTRAINT django_content_type_app_label_model_76bd3d3b_uniq UNIQUE (app_label, model);


--
-- Name: django_content_type django_content_type_pkey; Type: CONSTRAINT; Schema: public; Owner: postgres
--

ALTER TABLE ONLY public.django_content_type
    ADD CONSTRAINT django_content_type_pkey PRIMARY KEY (id);


--
-- Name: django_migrations django_migrations_pkey; Type: CONSTRAINT; Schema: public; Owner: postgres
--

ALTER TABLE ONLY public.django_migrations
    ADD CONSTRAINT django_migrations_pkey PRIMARY KEY (id);


--
-- Name: django_session django_session_pkey; Type: CONSTRAINT; Schema: public; Owner: postgres
--

ALTER TABLE ONLY public.django_session
    ADD CONSTRAINT django_session_pkey PRIMARY KEY (session_key);


--
-- Name: inventory_inventory inventory_inventory_pkey; Type: CONSTRAINT; Schema: public; Owner: postgres
--

ALTER TABLE ONLY public.inventory_inventory
    ADD CONSTRAINT inventory_inventory_pkey PRIMARY KEY (id);


--
-- Name: inventory_inventorysnapshot inventory_inventorysnapshot_pkey; Type: CONSTRAINT; Schema: public; Owner: postgres
--

ALTER TABLE ONLY public.inventory_inventorysnapshot
    ADD CONSTRAINT inventory_inventorysnapshot_pkey PRIMARY KEY (id);


--
-- Name: sales_sales sales_sales_pkey; Type: CONSTRAINT; Schema: public; Owner: postgres
--

ALTER TABLE ONLY public.sales_sales
    ADD CONSTRAINT sales_sales_pkey PRIMARY KEY (id);


--
-- Name: sales_shift sales_shift_pkey; Type: CONSTRAINT; Schema: public; Owner: postgres
--

ALTER TABLE ONLY public.sales_shift
    ADD CONSTRAINT sales_shift_pkey PRIMARY KEY (id);


--
-- Name: setup_branch setup_branch_branchName_5a9118ed_uniq; Type: CONSTRAINT; Schema: public; Owner: postgres
--

ALTER TABLE ONLY public.setup_branch
    ADD CONSTRAINT "setup_branch_branchName_5a9118ed_uniq" UNIQUE ("branchName");


--
-- Name: setup_branch setup_branch_pkey; Type: CONSTRAINT; Schema: public; Owner: postgres
--

ALTER TABLE ONLY public.setup_branch
    ADD CONSTRAINT setup_branch_pkey PRIMARY KEY (id);


--
-- Name: setup_price setup_price_pkey; Type: CONSTRAINT; Schema: public; Owner: postgres
--

ALTER TABLE ONLY public.setup_price
    ADD CONSTRAINT setup_price_pkey PRIMARY KEY (id);


--
-- Name: setup_product setup_product_pkey; Type: CONSTRAINT; Schema: public; Owner: postgres
--

ALTER TABLE ONLY public.setup_product
    ADD CONSTRAINT setup_product_pkey PRIMARY KEY (id);


--
-- Name: setup_product setup_product_type_key; Type: CONSTRAINT; Schema: public; Owner: postgres
--

ALTER TABLE ONLY public.setup_product
    ADD CONSTRAINT setup_product_type_key UNIQUE ("productName");


--
-- Name: setup_pump setup_pump_pkey; Type: CONSTRAINT; Schema: public; Owner: postgres
--

ALTER TABLE ONLY public.setup_pump
    ADD CONSTRAINT setup_pump_pkey PRIMARY KEY (id);


--
-- Name: setup_staff setup_staff_email_key; Type: CONSTRAINT; Schema: public; Owner: postgres
--

ALTER TABLE ONLY public.setup_staff
    ADD CONSTRAINT setup_staff_email_key UNIQUE (email);


--
-- Name: setup_staff setup_staff_phonenumber_key; Type: CONSTRAINT; Schema: public; Owner: postgres
--

ALTER TABLE ONLY public.setup_staff
    ADD CONSTRAINT setup_staff_phonenumber_key UNIQUE (phonenumber);


--
-- Name: setup_staff setup_staff_pkey; Type: CONSTRAINT; Schema: public; Owner: postgres
--

ALTER TABLE ONLY public.setup_staff
    ADD CONSTRAINT setup_staff_pkey PRIMARY KEY (id);


--
-- Name: setup_storage setup_storage_pkey; Type: CONSTRAINT; Schema: public; Owner: postgres
--

ALTER TABLE ONLY public.setup_storage
    ADD CONSTRAINT setup_storage_pkey PRIMARY KEY (id);


--
-- Name: validation_users_groups validation_users_groups_pkey; Type: CONSTRAINT; Schema: public; Owner: postgres
--

ALTER TABLE ONLY public.validation_users_groups
    ADD CONSTRAINT validation_users_groups_pkey PRIMARY KEY (id);


--
-- Name: validation_users_groups validation_users_groups_users_id_group_id_06a983f7_uniq; Type: CONSTRAINT; Schema: public; Owner: postgres
--

ALTER TABLE ONLY public.validation_users_groups
    ADD CONSTRAINT validation_users_groups_users_id_group_id_06a983f7_uniq UNIQUE (users_id, group_id);


--
-- Name: validation_customuser validation_users_pkey; Type: CONSTRAINT; Schema: public; Owner: postgres
--

ALTER TABLE ONLY public.validation_customuser
    ADD CONSTRAINT validation_users_pkey PRIMARY KEY (id);


--
-- Name: validation_users_user_permissions validation_users_user_pe_users_id_permission_id_e05b9e67_uniq; Type: CONSTRAINT; Schema: public; Owner: postgres
--

ALTER TABLE ONLY public.validation_users_user_permissions
    ADD CONSTRAINT validation_users_user_pe_users_id_permission_id_e05b9e67_uniq UNIQUE (users_id, permission_id);


--
-- Name: validation_users_user_permissions validation_users_user_permissions_pkey; Type: CONSTRAINT; Schema: public; Owner: postgres
--

ALTER TABLE ONLY public.validation_users_user_permissions
    ADD CONSTRAINT validation_users_user_permissions_pkey PRIMARY KEY (id);


--
-- Name: validation_customuser validation_users_username_key; Type: CONSTRAINT; Schema: public; Owner: postgres
--

ALTER TABLE ONLY public.validation_customuser
    ADD CONSTRAINT validation_users_username_key UNIQUE (username);


--
-- Name: authUser_user_groups_group_id_29f2ba22; Type: INDEX; Schema: public; Owner: postgres
--

CREATE INDEX "authUser_user_groups_group_id_29f2ba22" ON public."authUser_user_groups" USING btree (group_id);


--
-- Name: authUser_user_groups_user_id_31601d4a; Type: INDEX; Schema: public; Owner: postgres
--

CREATE INDEX "authUser_user_groups_user_id_31601d4a" ON public."authUser_user_groups" USING btree (user_id);


--
-- Name: authUser_user_name_id_9eb549d3; Type: INDEX; Schema: public; Owner: postgres
--

CREATE INDEX "authUser_user_name_id_9eb549d3" ON public."authUser_user" USING btree (name_id);


--
-- Name: authUser_user_user_permissions_permission_id_ab73b952; Type: INDEX; Schema: public; Owner: postgres
--

CREATE INDEX "authUser_user_user_permissions_permission_id_ab73b952" ON public."authUser_user_user_permissions" USING btree (permission_id);


--
-- Name: authUser_user_user_permissions_user_id_85b62f76; Type: INDEX; Schema: public; Owner: postgres
--

CREATE INDEX "authUser_user_user_permissions_user_id_85b62f76" ON public."authUser_user_user_permissions" USING btree (user_id);


--
-- Name: auth_group_name_a6ea08ec_like; Type: INDEX; Schema: public; Owner: postgres
--

CREATE INDEX auth_group_name_a6ea08ec_like ON public.auth_group USING btree (name varchar_pattern_ops);


--
-- Name: auth_group_permissions_group_id_b120cbf9; Type: INDEX; Schema: public; Owner: postgres
--

CREATE INDEX auth_group_permissions_group_id_b120cbf9 ON public.auth_group_permissions USING btree (group_id);


--
-- Name: auth_group_permissions_permission_id_84c5c92e; Type: INDEX; Schema: public; Owner: postgres
--

CREATE INDEX auth_group_permissions_permission_id_84c5c92e ON public.auth_group_permissions USING btree (permission_id);


--
-- Name: auth_permission_content_type_id_2f476e4b; Type: INDEX; Schema: public; Owner: postgres
--

CREATE INDEX auth_permission_content_type_id_2f476e4b ON public.auth_permission USING btree (content_type_id);


--
-- Name: auth_user_groups_group_id_97559544; Type: INDEX; Schema: public; Owner: postgres
--

CREATE INDEX auth_user_groups_group_id_97559544 ON public.auth_user_groups USING btree (group_id);


--
-- Name: auth_user_groups_user_id_6a12ed8b; Type: INDEX; Schema: public; Owner: postgres
--

CREATE INDEX auth_user_groups_user_id_6a12ed8b ON public.auth_user_groups USING btree (user_id);


--
-- Name: auth_user_user_permissions_permission_id_1fbb5f2c; Type: INDEX; Schema: public; Owner: postgres
--

CREATE INDEX auth_user_user_permissions_permission_id_1fbb5f2c ON public.auth_user_user_permissions USING btree (permission_id);


--
-- Name: auth_user_user_permissions_user_id_a95ead1b; Type: INDEX; Schema: public; Owner: postgres
--

CREATE INDEX auth_user_user_permissions_user_id_a95ead1b ON public.auth_user_user_permissions USING btree (user_id);


--
-- Name: auth_user_username_6821ab7c_like; Type: INDEX; Schema: public; Owner: postgres
--

CREATE INDEX auth_user_username_6821ab7c_like ON public.auth_user USING btree (username varchar_pattern_ops);


--
-- Name: authentication_login_username_id_56028b26; Type: INDEX; Schema: public; Owner: postgres
--

CREATE INDEX authentication_login_username_id_56028b26 ON public.authentication_login USING btree (username_id);


--
-- Name: authentication_user_staff_id_9abe3c26; Type: INDEX; Schema: public; Owner: postgres
--

CREATE INDEX authentication_user_staff_id_9abe3c26 ON public.authentication_user USING btree (staff_id);


--
-- Name: authentication_user_username_a09a089e_like; Type: INDEX; Schema: public; Owner: postgres
--

CREATE INDEX authentication_user_username_a09a089e_like ON public.authentication_user USING btree (username varchar_pattern_ops);


--
-- Name: django_admin_log_content_type_id_c4bce8eb; Type: INDEX; Schema: public; Owner: postgres
--

CREATE INDEX django_admin_log_content_type_id_c4bce8eb ON public.django_admin_log USING btree (content_type_id);


--
-- Name: django_admin_log_user_id_c564eba6; Type: INDEX; Schema: public; Owner: postgres
--

CREATE INDEX django_admin_log_user_id_c564eba6 ON public.django_admin_log USING btree (user_id);


--
-- Name: django_session_expire_date_a5c62663; Type: INDEX; Schema: public; Owner: postgres
--

CREATE INDEX django_session_expire_date_a5c62663 ON public.django_session USING btree (expire_date);


--
-- Name: django_session_session_key_c0390e0f_like; Type: INDEX; Schema: public; Owner: postgres
--

CREATE INDEX django_session_session_key_c0390e0f_like ON public.django_session USING btree (session_key varchar_pattern_ops);


--
-- Name: inventory_inventory_branch_id_e176a7a0; Type: INDEX; Schema: public; Owner: postgres
--

CREATE INDEX inventory_inventory_branch_id_e176a7a0 ON public.inventory_inventory USING btree (branch_id);


--
-- Name: inventory_inventory_product_id_5b835926; Type: INDEX; Schema: public; Owner: postgres
--

CREATE INDEX inventory_inventory_product_id_5b835926 ON public.inventory_inventory USING btree (product_id);


--
-- Name: inventory_inventory_storage_id_99bf6ce0; Type: INDEX; Schema: public; Owner: postgres
--

CREATE INDEX inventory_inventory_storage_id_99bf6ce0 ON public.inventory_inventory USING btree (storage_id);


--
-- Name: inventory_inventory_updatedBy_id_07925136; Type: INDEX; Schema: public; Owner: postgres
--

CREATE INDEX "inventory_inventory_updatedBy_id_07925136" ON public.inventory_inventory USING btree ("updatedBy_id");


--
-- Name: inventory_inventorysnapshot_inventoryv_id_8d6f0f6c; Type: INDEX; Schema: public; Owner: postgres
--

CREATE INDEX inventory_inventorysnapshot_inventoryv_id_8d6f0f6c ON public.inventory_inventorysnapshot USING btree (inventory_id);


--
-- Name: inventory_inventorysnapshot_product_id_0d5492db; Type: INDEX; Schema: public; Owner: postgres
--

CREATE INDEX inventory_inventorysnapshot_product_id_0d5492db ON public.inventory_inventorysnapshot USING btree (product_id);


--
-- Name: sales_sales_shift_id_758aaeaf; Type: INDEX; Schema: public; Owner: postgres
--

CREATE INDEX sales_sales_shift_id_758aaeaf ON public.sales_sales USING btree (shift_id);


--
-- Name: sales_shift_branch_id_b13a880c; Type: INDEX; Schema: public; Owner: postgres
--

CREATE INDEX sales_shift_branch_id_b13a880c ON public.sales_shift USING btree (branch_id);


--
-- Name: sales_shift_product_id_009130b8; Type: INDEX; Schema: public; Owner: postgres
--

CREATE INDEX sales_shift_product_id_009130b8 ON public.sales_shift USING btree (product_id);


--
-- Name: sales_shift_pump_id_32e22262; Type: INDEX; Schema: public; Owner: postgres
--

CREATE INDEX sales_shift_pump_id_32e22262 ON public.sales_shift USING btree (pump_id);


--
-- Name: sales_shift_staff_id_a31f727a; Type: INDEX; Schema: public; Owner: postgres
--

CREATE INDEX sales_shift_staff_id_a31f727a ON public.sales_shift USING btree (staff_id);


--
-- Name: setup_branch_branchName_5a9118ed_like; Type: INDEX; Schema: public; Owner: postgres
--

CREATE INDEX "setup_branch_branchName_5a9118ed_like" ON public.setup_branch USING btree ("branchName" varchar_pattern_ops);


--
-- Name: setup_price_product_id_01819cc3; Type: INDEX; Schema: public; Owner: postgres
--

CREATE INDEX setup_price_product_id_01819cc3 ON public.setup_price USING btree (product_id);


--
-- Name: setup_product_type_1493a89e_like; Type: INDEX; Schema: public; Owner: postgres
--

CREATE INDEX setup_product_type_1493a89e_like ON public.setup_product USING btree ("productName" varchar_pattern_ops);


--
-- Name: setup_pump_storage_id_5ae7f311; Type: INDEX; Schema: public; Owner: postgres
--

CREATE INDEX setup_pump_storage_id_5ae7f311 ON public.setup_pump USING btree (storage_id);


--
-- Name: setup_staff_branch_id_8563c752; Type: INDEX; Schema: public; Owner: postgres
--

CREATE INDEX setup_staff_branch_id_8563c752 ON public.setup_staff USING btree (branch_id);


--
-- Name: setup_staff_designation_9ad91bcc; Type: INDEX; Schema: public; Owner: postgres
--

CREATE INDEX setup_staff_designation_9ad91bcc ON public.setup_staff USING btree (designation);


--
-- Name: setup_staff_designation_9ad91bcc_like; Type: INDEX; Schema: public; Owner: postgres
--

CREATE INDEX setup_staff_designation_9ad91bcc_like ON public.setup_staff USING btree (designation varchar_pattern_ops);


--
-- Name: setup_staff_email_43040a43_like; Type: INDEX; Schema: public; Owner: postgres
--

CREATE INDEX setup_staff_email_43040a43_like ON public.setup_staff USING btree (email varchar_pattern_ops);


--
-- Name: setup_staff_firstname_8a957358; Type: INDEX; Schema: public; Owner: postgres
--

CREATE INDEX setup_staff_firstname_8a957358 ON public.setup_staff USING btree (firstname);


--
-- Name: setup_staff_firstname_8a957358_like; Type: INDEX; Schema: public; Owner: postgres
--

CREATE INDEX setup_staff_firstname_8a957358_like ON public.setup_staff USING btree (firstname varchar_pattern_ops);


--
-- Name: setup_staff_sex_ebe4df70; Type: INDEX; Schema: public; Owner: postgres
--

CREATE INDEX setup_staff_sex_ebe4df70 ON public.setup_staff USING btree (sex);


--
-- Name: setup_staff_sex_ebe4df70_like; Type: INDEX; Schema: public; Owner: postgres
--

CREATE INDEX setup_staff_sex_ebe4df70_like ON public.setup_staff USING btree (sex varchar_pattern_ops);


--
-- Name: setup_staff_surname_df8f6517; Type: INDEX; Schema: public; Owner: postgres
--

CREATE INDEX setup_staff_surname_df8f6517 ON public.setup_staff USING btree (surname);


--
-- Name: setup_staff_surname_df8f6517_like; Type: INDEX; Schema: public; Owner: postgres
--

CREATE INDEX setup_staff_surname_df8f6517_like ON public.setup_staff USING btree (surname varchar_pattern_ops);


--
-- Name: setup_storage_branch_id_d706fb41; Type: INDEX; Schema: public; Owner: postgres
--

CREATE INDEX setup_storage_branch_id_d706fb41 ON public.setup_storage USING btree (branch_id);


--
-- Name: setup_storage_product_id_36d48ef2; Type: INDEX; Schema: public; Owner: postgres
--

CREATE INDEX setup_storage_product_id_36d48ef2 ON public.setup_storage USING btree (product_id);


--
-- Name: validation_users_groups_group_id_2d9b2b98; Type: INDEX; Schema: public; Owner: postgres
--

CREATE INDEX validation_users_groups_group_id_2d9b2b98 ON public.validation_users_groups USING btree (group_id);


--
-- Name: validation_users_groups_users_id_f5d9cc53; Type: INDEX; Schema: public; Owner: postgres
--

CREATE INDEX validation_users_groups_users_id_f5d9cc53 ON public.validation_users_groups USING btree (users_id);


--
-- Name: validation_users_staff_id_778af457; Type: INDEX; Schema: public; Owner: postgres
--

CREATE INDEX validation_users_staff_id_778af457 ON public.validation_customuser USING btree (staff_id);


--
-- Name: validation_users_user_permissions_permission_id_75e0dde8; Type: INDEX; Schema: public; Owner: postgres
--

CREATE INDEX validation_users_user_permissions_permission_id_75e0dde8 ON public.validation_users_user_permissions USING btree (permission_id);


--
-- Name: validation_users_user_permissions_users_id_ffc2ace3; Type: INDEX; Schema: public; Owner: postgres
--

CREATE INDEX validation_users_user_permissions_users_id_ffc2ace3 ON public.validation_users_user_permissions USING btree (users_id);


--
-- Name: validation_users_username_479f3695_like; Type: INDEX; Schema: public; Owner: postgres
--

CREATE INDEX validation_users_username_479f3695_like ON public.validation_customuser USING btree (username varchar_pattern_ops);


--
-- Name: authUser_user_groups authUser_user_groups_group_id_29f2ba22_fk_auth_group_id; Type: FK CONSTRAINT; Schema: public; Owner: postgres
--

ALTER TABLE ONLY public."authUser_user_groups"
    ADD CONSTRAINT "authUser_user_groups_group_id_29f2ba22_fk_auth_group_id" FOREIGN KEY (group_id) REFERENCES public.auth_group(id) DEFERRABLE INITIALLY DEFERRED;


--
-- Name: authUser_user_groups authUser_user_groups_user_id_31601d4a_fk_authUser_user_id; Type: FK CONSTRAINT; Schema: public; Owner: postgres
--

ALTER TABLE ONLY public."authUser_user_groups"
    ADD CONSTRAINT "authUser_user_groups_user_id_31601d4a_fk_authUser_user_id" FOREIGN KEY (user_id) REFERENCES public."authUser_user"(id) DEFERRABLE INITIALLY DEFERRED;


--
-- Name: authUser_user authUser_user_name_id_9eb549d3_fk_setup_staff_id; Type: FK CONSTRAINT; Schema: public; Owner: postgres
--

ALTER TABLE ONLY public."authUser_user"
    ADD CONSTRAINT "authUser_user_name_id_9eb549d3_fk_setup_staff_id" FOREIGN KEY (name_id) REFERENCES public.setup_staff(id) DEFERRABLE INITIALLY DEFERRED;


--
-- Name: authUser_user_user_permissions authUser_user_user_p_permission_id_ab73b952_fk_auth_perm; Type: FK CONSTRAINT; Schema: public; Owner: postgres
--

ALTER TABLE ONLY public."authUser_user_user_permissions"
    ADD CONSTRAINT "authUser_user_user_p_permission_id_ab73b952_fk_auth_perm" FOREIGN KEY (permission_id) REFERENCES public.auth_permission(id) DEFERRABLE INITIALLY DEFERRED;


--
-- Name: authUser_user_user_permissions authUser_user_user_p_user_id_85b62f76_fk_authUser_; Type: FK CONSTRAINT; Schema: public; Owner: postgres
--

ALTER TABLE ONLY public."authUser_user_user_permissions"
    ADD CONSTRAINT "authUser_user_user_p_user_id_85b62f76_fk_authUser_" FOREIGN KEY (user_id) REFERENCES public."authUser_user"(id) DEFERRABLE INITIALLY DEFERRED;


--
-- Name: auth_group_permissions auth_group_permissio_permission_id_84c5c92e_fk_auth_perm; Type: FK CONSTRAINT; Schema: public; Owner: postgres
--

ALTER TABLE ONLY public.auth_group_permissions
    ADD CONSTRAINT auth_group_permissio_permission_id_84c5c92e_fk_auth_perm FOREIGN KEY (permission_id) REFERENCES public.auth_permission(id) DEFERRABLE INITIALLY DEFERRED;


--
-- Name: auth_group_permissions auth_group_permissions_group_id_b120cbf9_fk_auth_group_id; Type: FK CONSTRAINT; Schema: public; Owner: postgres
--

ALTER TABLE ONLY public.auth_group_permissions
    ADD CONSTRAINT auth_group_permissions_group_id_b120cbf9_fk_auth_group_id FOREIGN KEY (group_id) REFERENCES public.auth_group(id) DEFERRABLE INITIALLY DEFERRED;


--
-- Name: auth_permission auth_permission_content_type_id_2f476e4b_fk_django_co; Type: FK CONSTRAINT; Schema: public; Owner: postgres
--

ALTER TABLE ONLY public.auth_permission
    ADD CONSTRAINT auth_permission_content_type_id_2f476e4b_fk_django_co FOREIGN KEY (content_type_id) REFERENCES public.django_content_type(id) DEFERRABLE INITIALLY DEFERRED;


--
-- Name: auth_user_groups auth_user_groups_group_id_97559544_fk_auth_group_id; Type: FK CONSTRAINT; Schema: public; Owner: postgres
--

ALTER TABLE ONLY public.auth_user_groups
    ADD CONSTRAINT auth_user_groups_group_id_97559544_fk_auth_group_id FOREIGN KEY (group_id) REFERENCES public.auth_group(id) DEFERRABLE INITIALLY DEFERRED;


--
-- Name: auth_user_groups auth_user_groups_user_id_6a12ed8b_fk_auth_user_id; Type: FK CONSTRAINT; Schema: public; Owner: postgres
--

ALTER TABLE ONLY public.auth_user_groups
    ADD CONSTRAINT auth_user_groups_user_id_6a12ed8b_fk_auth_user_id FOREIGN KEY (user_id) REFERENCES public.auth_user(id) DEFERRABLE INITIALLY DEFERRED;


--
-- Name: auth_user_user_permissions auth_user_user_permi_permission_id_1fbb5f2c_fk_auth_perm; Type: FK CONSTRAINT; Schema: public; Owner: postgres
--

ALTER TABLE ONLY public.auth_user_user_permissions
    ADD CONSTRAINT auth_user_user_permi_permission_id_1fbb5f2c_fk_auth_perm FOREIGN KEY (permission_id) REFERENCES public.auth_permission(id) DEFERRABLE INITIALLY DEFERRED;


--
-- Name: auth_user_user_permissions auth_user_user_permissions_user_id_a95ead1b_fk_auth_user_id; Type: FK CONSTRAINT; Schema: public; Owner: postgres
--

ALTER TABLE ONLY public.auth_user_user_permissions
    ADD CONSTRAINT auth_user_user_permissions_user_id_a95ead1b_fk_auth_user_id FOREIGN KEY (user_id) REFERENCES public.auth_user(id) DEFERRABLE INITIALLY DEFERRED;


--
-- Name: authentication_login authentication_login_username_id_56028b26_fk_authentic; Type: FK CONSTRAINT; Schema: public; Owner: postgres
--

ALTER TABLE ONLY public.authentication_login
    ADD CONSTRAINT authentication_login_username_id_56028b26_fk_authentic FOREIGN KEY (username_id) REFERENCES public.authentication_user(id) DEFERRABLE INITIALLY DEFERRED;


--
-- Name: authentication_user authentication_user_staff_id_9abe3c26_fk_setup_staff_id; Type: FK CONSTRAINT; Schema: public; Owner: postgres
--

ALTER TABLE ONLY public.authentication_user
    ADD CONSTRAINT authentication_user_staff_id_9abe3c26_fk_setup_staff_id FOREIGN KEY (staff_id) REFERENCES public.setup_staff(id) DEFERRABLE INITIALLY DEFERRED;


--
-- Name: django_admin_log django_admin_log_content_type_id_c4bce8eb_fk_django_co; Type: FK CONSTRAINT; Schema: public; Owner: postgres
--

ALTER TABLE ONLY public.django_admin_log
    ADD CONSTRAINT django_admin_log_content_type_id_c4bce8eb_fk_django_co FOREIGN KEY (content_type_id) REFERENCES public.django_content_type(id) DEFERRABLE INITIALLY DEFERRED;


--
-- Name: django_admin_log django_admin_log_user_id_c564eba6_fk_validation_users_id; Type: FK CONSTRAINT; Schema: public; Owner: postgres
--

ALTER TABLE ONLY public.django_admin_log
    ADD CONSTRAINT django_admin_log_user_id_c564eba6_fk_validation_users_id FOREIGN KEY (user_id) REFERENCES public.validation_customuser(id) DEFERRABLE INITIALLY DEFERRED;


--
-- Name: inventory_inventory inventory_inventory_branch_id_e176a7a0_fk_setup_branch_id; Type: FK CONSTRAINT; Schema: public; Owner: postgres
--

ALTER TABLE ONLY public.inventory_inventory
    ADD CONSTRAINT inventory_inventory_branch_id_e176a7a0_fk_setup_branch_id FOREIGN KEY (branch_id) REFERENCES public.setup_branch(id) DEFERRABLE INITIALLY DEFERRED;


--
-- Name: inventory_inventory inventory_inventory_product_id_5b835926_fk_setup_product_id; Type: FK CONSTRAINT; Schema: public; Owner: postgres
--

ALTER TABLE ONLY public.inventory_inventory
    ADD CONSTRAINT inventory_inventory_product_id_5b835926_fk_setup_product_id FOREIGN KEY (product_id) REFERENCES public.setup_product(id) DEFERRABLE INITIALLY DEFERRED;


--
-- Name: inventory_inventory inventory_inventory_storage_id_99bf6ce0_fk_setup_storage_id; Type: FK CONSTRAINT; Schema: public; Owner: postgres
--

ALTER TABLE ONLY public.inventory_inventory
    ADD CONSTRAINT inventory_inventory_storage_id_99bf6ce0_fk_setup_storage_id FOREIGN KEY (storage_id) REFERENCES public.setup_storage(id) DEFERRABLE INITIALLY DEFERRED;


--
-- Name: inventory_inventory inventory_inventory_updatedBy_id_07925136_fk_setup_staff_id; Type: FK CONSTRAINT; Schema: public; Owner: postgres
--

ALTER TABLE ONLY public.inventory_inventory
    ADD CONSTRAINT "inventory_inventory_updatedBy_id_07925136_fk_setup_staff_id" FOREIGN KEY ("updatedBy_id") REFERENCES public.setup_staff(id) DEFERRABLE INITIALLY DEFERRED;


--
-- Name: inventory_inventorysnapshot inventory_inventorys_inventory_id_e11fdfc9_fk_inventory; Type: FK CONSTRAINT; Schema: public; Owner: postgres
--

ALTER TABLE ONLY public.inventory_inventorysnapshot
    ADD CONSTRAINT inventory_inventorys_inventory_id_e11fdfc9_fk_inventory FOREIGN KEY (inventory_id) REFERENCES public.inventory_inventory(id) DEFERRABLE INITIALLY DEFERRED;


--
-- Name: inventory_inventorysnapshot inventory_inventorys_product_id_0d5492db_fk_setup_pro; Type: FK CONSTRAINT; Schema: public; Owner: postgres
--

ALTER TABLE ONLY public.inventory_inventorysnapshot
    ADD CONSTRAINT inventory_inventorys_product_id_0d5492db_fk_setup_pro FOREIGN KEY (product_id) REFERENCES public.setup_product(id) DEFERRABLE INITIALLY DEFERRED;


--
-- Name: sales_sales sales_sales_shift_id_758aaeaf_fk_sales_shift_id; Type: FK CONSTRAINT; Schema: public; Owner: postgres
--

ALTER TABLE ONLY public.sales_sales
    ADD CONSTRAINT sales_sales_shift_id_758aaeaf_fk_sales_shift_id FOREIGN KEY (shift_id) REFERENCES public.sales_shift(id) DEFERRABLE INITIALLY DEFERRED;


--
-- Name: sales_shift sales_shift_branch_id_b13a880c_fk_setup_branch_id; Type: FK CONSTRAINT; Schema: public; Owner: postgres
--

ALTER TABLE ONLY public.sales_shift
    ADD CONSTRAINT sales_shift_branch_id_b13a880c_fk_setup_branch_id FOREIGN KEY (branch_id) REFERENCES public.setup_branch(id) DEFERRABLE INITIALLY DEFERRED;


--
-- Name: sales_shift sales_shift_product_id_009130b8_fk_setup_product_id; Type: FK CONSTRAINT; Schema: public; Owner: postgres
--

ALTER TABLE ONLY public.sales_shift
    ADD CONSTRAINT sales_shift_product_id_009130b8_fk_setup_product_id FOREIGN KEY (product_id) REFERENCES public.setup_product(id) DEFERRABLE INITIALLY DEFERRED;


--
-- Name: sales_shift sales_shift_pump_id_32e22262_fk_setup_pump_id; Type: FK CONSTRAINT; Schema: public; Owner: postgres
--

ALTER TABLE ONLY public.sales_shift
    ADD CONSTRAINT sales_shift_pump_id_32e22262_fk_setup_pump_id FOREIGN KEY (pump_id) REFERENCES public.setup_pump(id) DEFERRABLE INITIALLY DEFERRED;


--
-- Name: sales_shift sales_shift_staff_id_a31f727a_fk_setup_staff_id; Type: FK CONSTRAINT; Schema: public; Owner: postgres
--

ALTER TABLE ONLY public.sales_shift
    ADD CONSTRAINT sales_shift_staff_id_a31f727a_fk_setup_staff_id FOREIGN KEY (staff_id) REFERENCES public.setup_staff(id) DEFERRABLE INITIALLY DEFERRED;


--
-- Name: setup_price setup_price_product_id_01819cc3_fk_setup_product_id; Type: FK CONSTRAINT; Schema: public; Owner: postgres
--

ALTER TABLE ONLY public.setup_price
    ADD CONSTRAINT setup_price_product_id_01819cc3_fk_setup_product_id FOREIGN KEY (product_id) REFERENCES public.setup_product(id) DEFERRABLE INITIALLY DEFERRED;


--
-- Name: setup_pump setup_pump_storage_id_5ae7f311_fk_setup_storage_id; Type: FK CONSTRAINT; Schema: public; Owner: postgres
--

ALTER TABLE ONLY public.setup_pump
    ADD CONSTRAINT setup_pump_storage_id_5ae7f311_fk_setup_storage_id FOREIGN KEY (storage_id) REFERENCES public.setup_storage(id) DEFERRABLE INITIALLY DEFERRED;


--
-- Name: setup_staff setup_staff_branch_id_8563c752_fk_setup_branch_id; Type: FK CONSTRAINT; Schema: public; Owner: postgres
--

ALTER TABLE ONLY public.setup_staff
    ADD CONSTRAINT setup_staff_branch_id_8563c752_fk_setup_branch_id FOREIGN KEY (branch_id) REFERENCES public.setup_branch(id) DEFERRABLE INITIALLY DEFERRED;


--
-- Name: setup_storage setup_storage_branch_id_d706fb41_fk_setup_branch_id; Type: FK CONSTRAINT; Schema: public; Owner: postgres
--

ALTER TABLE ONLY public.setup_storage
    ADD CONSTRAINT setup_storage_branch_id_d706fb41_fk_setup_branch_id FOREIGN KEY (branch_id) REFERENCES public.setup_branch(id) DEFERRABLE INITIALLY DEFERRED;


--
-- Name: setup_storage setup_storage_product_id_36d48ef2_fk_setup_product_id; Type: FK CONSTRAINT; Schema: public; Owner: postgres
--

ALTER TABLE ONLY public.setup_storage
    ADD CONSTRAINT setup_storage_product_id_36d48ef2_fk_setup_product_id FOREIGN KEY (product_id) REFERENCES public.setup_product(id) DEFERRABLE INITIALLY DEFERRED;


--
-- Name: validation_users_groups validation_users_gro_users_id_f5d9cc53_fk_validatio; Type: FK CONSTRAINT; Schema: public; Owner: postgres
--

ALTER TABLE ONLY public.validation_users_groups
    ADD CONSTRAINT validation_users_gro_users_id_f5d9cc53_fk_validatio FOREIGN KEY (users_id) REFERENCES public.validation_customuser(id) DEFERRABLE INITIALLY DEFERRED;


--
-- Name: validation_users_groups validation_users_groups_group_id_2d9b2b98_fk_auth_group_id; Type: FK CONSTRAINT; Schema: public; Owner: postgres
--

ALTER TABLE ONLY public.validation_users_groups
    ADD CONSTRAINT validation_users_groups_group_id_2d9b2b98_fk_auth_group_id FOREIGN KEY (group_id) REFERENCES public.auth_group(id) DEFERRABLE INITIALLY DEFERRED;


--
-- Name: validation_customuser validation_users_staff_id_778af457_fk_setup_staff_id; Type: FK CONSTRAINT; Schema: public; Owner: postgres
--

ALTER TABLE ONLY public.validation_customuser
    ADD CONSTRAINT validation_users_staff_id_778af457_fk_setup_staff_id FOREIGN KEY (staff_id) REFERENCES public.setup_staff(id) DEFERRABLE INITIALLY DEFERRED;


--
-- Name: validation_users_user_permissions validation_users_use_permission_id_75e0dde8_fk_auth_perm; Type: FK CONSTRAINT; Schema: public; Owner: postgres
--

ALTER TABLE ONLY public.validation_users_user_permissions
    ADD CONSTRAINT validation_users_use_permission_id_75e0dde8_fk_auth_perm FOREIGN KEY (permission_id) REFERENCES public.auth_permission(id) DEFERRABLE INITIALLY DEFERRED;


--
-- Name: validation_users_user_permissions validation_users_use_users_id_ffc2ace3_fk_validatio; Type: FK CONSTRAINT; Schema: public; Owner: postgres
--

ALTER TABLE ONLY public.validation_users_user_permissions
    ADD CONSTRAINT validation_users_use_users_id_ffc2ace3_fk_validatio FOREIGN KEY (users_id) REFERENCES public.validation_customuser(id) DEFERRABLE INITIALLY DEFERRED;


--
-- PostgreSQL database dump complete
--

